{
  "source_stl": "/tmp/nix-shell-92633-2622442970/annotate_stl_nf_sqlu4/VACUUM_HOSE_RING.rotated.stl",
  "vertices_xz_mm": [
    [
      222.661279296875,
      248.18829650878905
    ],
    [
      218.711279296875,
      251.08829650878906
    ],
    [
      212.761279296875,
      253.68829650878905
    ],
    [
      207.911279296875,
      254.63829650878907
    ],
    [
      202.861279296875,
      254.68829650878905
    ],
    [
      198.011279296875,
      253.78829650878907
    ],
    [
      192.911279296875,
      251.78829650878907
    ],
    [
      188.261279296875,
      248.68829650878905
    ],
    [
      185.161279296875,
      245.68829650878905
    ],
    [
      182.761279296875,
      242.48829650878906
    ],
    [
      166.561279296875,
      214.68829650878905
    ],
    [
      166.561279296875,
      184.53829650878907
    ],
    [
      181.411279296875,
      184.53829650878907
    ],
    [
      191.411279296875,
      194.53829650878907
    ],
    [
      216.211279296875,
      204.13829650878907
    ],
    [
      220.261279296875,
      206.43829650878905
    ],
    [
      224.861279296875,
      210.48829650878906
    ],
    [
      227.861279296875,
      214.53829650878907
    ],
    [
      230.311279296875,
      219.83829650878906
    ],
    [
      231.461279296875,
      224.88829650878907
    ],
    [
      231.661279296875,
      229.58829650878906
    ],
    [
      230.761279296875,
      235.18829650878905
    ],
    [
      228.961279296875,
      239.93829650878905
    ],
    [
      226.211279296875,
      244.38829650878907
    ]
  ],
  "edges": [
    {
      "i": 0,
      "from": [
        222.661279296875,
        248.18829650878905
      ],
      "to": [
        218.711279296875,
        251.08829650878906
      ],
      "length_mm": 4.900255095400641,
      "angle_deg": 143.71473287486103
    },
    {
      "i": 1,
      "from": [
        218.711279296875,
        251.08829650878906
      ],
      "to": [
        212.761279296875,
        253.68829650878905
      ],
      "length_mm": 6.4932657422902516,
      "angle_deg": 156.39588495708588
    },
    {
      "i": 2,
      "from": [
        212.761279296875,
        253.68829650878905
      ],
      "to": [
        207.911279296875,
        254.63829650878907
      ],
      "length_mm": 4.942165517260625,
      "angle_deg": 168.91743053697013
    },
    {
      "i": 3,
      "from": [
        207.911279296875,
        254.63829650878907
      ],
      "to": [
        202.861279296875,
        254.68829650878905
      ],
      "length_mm": 5.050247518686567,
      "angle_deg": 179.43273359014225
    },
    {
      "i": 4,
      "from": [
        202.861279296875,
        254.68829650878905
      ],
      "to": [
        198.011279296875,
        253.78829650878907
      ],
      "length_mm": 4.932798394420775,
      "angle_deg": -169.48737283007898
    },
    {
      "i": 5,
      "from": [
        198.011279296875,
        253.78829650878907
      ],
      "to": [
        192.911279296875,
        251.78829650878907
      ],
      "length_mm": 5.47813836992093,
      "angle_deg": -158.58703052512823
    },
    {
      "i": 6,
      "from": [
        192.911279296875,
        251.78829650878907
      ],
      "to": [
        188.261279296875,
        248.68829650878905
      ],
      "length_mm": 5.588604476969201,
      "angle_deg": -146.30993247402006
    },
    {
      "i": 7,
      "from": [
        188.261279296875,
        248.68829650878905
      ],
      "to": [
        185.161279296875,
        245.68829650878905
      ],
      "length_mm": 4.313930922024594,
      "angle_deg": -135.93919094573553
    },
    {
      "i": 8,
      "from": [
        185.161279296875,
        245.68829650878905
      ],
      "to": [
        182.761279296875,
        242.48829650878906
      ],
      "length_mm": 3.9999999999999942,
      "angle_deg": -126.86989764584419
    },
    {
      "i": 9,
      "from": [
        182.761279296875,
        242.48829650878906
      ],
      "to": [
        166.561279296875,
        214.68829650878905
      ],
      "length_mm": 32.17576727911862,
      "angle_deg": -120.23080146970835
    },
    {
      "i": 10,
      "from": [
        166.561279296875,
        214.68829650878905
      ],
      "to": [
        166.561279296875,
        184.53829650878907
      ],
      "length_mm": 30.149999999999977,
      "angle_deg": -90.0
    },
    {
      "i": 11,
      "from": [
        166.561279296875,
        184.53829650878907
      ],
      "to": [
        181.411279296875,
        184.53829650878907
      ],
      "length_mm": 14.849999999999994,
      "angle_deg": 0.0
    },
    {
      "i": 12,
      "from": [
        181.411279296875,
        184.53829650878907
      ],
      "to": [
        191.411279296875,
        194.53829650878907
      ],
      "length_mm": 14.142135623730951,
      "angle_deg": 45.0
    },
    {
      "i": 13,
      "from": [
        191.411279296875,
        194.53829650878907
      ],
      "to": [
        216.211279296875,
        204.13829650878907
      ],
      "length_mm": 26.593232221751464,
      "angle_deg": 21.161259816828256
    },
    {
      "i": 14,
      "from": [
        216.211279296875,
        204.13829650878907
      ],
      "to": [
        220.261279296875,
        206.43829650878905
      ],
      "length_mm": 4.657520799738824,
      "angle_deg": 29.592296359357903
    },
    {
      "i": 15,
      "from": [
        220.261279296875,
        206.43829650878905
      ],
      "to": [
        224.861279296875,
        210.48829650878906
      ],
      "length_mm": 6.128825336065656,
      "angle_deg": 41.36181342213528
    },
    {
      "i": 16,
      "from": [
        224.861279296875,
        210.48829650878906
      ],
      "to": [
        227.861279296875,
        214.53829650878907
      ],
      "length_mm": 5.040089284923442,
      "angle_deg": 53.47114463301491
    },
    {
      "i": 17,
      "from": [
        227.861279296875,
        214.53829650878907
      ],
      "to": [
        230.311279296875,
        219.83829650878906
      ],
      "length_mm": 5.838878316937231,
      "angle_deg": 65.1905916245405
    },
    {
      "i": 18,
      "from": [
        230.311279296875,
        219.83829650878906
      ],
      "to": [
        231.461279296875,
        224.88829650878907
      ],
      "length_mm": 5.179285665031436,
      "angle_deg": 77.17121712854454
    },
    {
      "i": 19,
      "from": [
        231.461279296875,
        224.88829650878907
      ],
      "to": [
        231.661279296875,
        229.58829650878906
      ],
      "length_mm": 4.704253394535619,
      "angle_deg": 87.56335175319
    },
    {
      "i": 20,
      "from": [
        231.661279296875,
        229.58829650878906
      ],
      "to": [
        230.761279296875,
        235.18829650878905
      ],
      "length_mm": 5.671860364994888,
      "angle_deg": 99.13017648227877
    },
    {
      "i": 21,
      "from": [
        230.761279296875,
        235.18829650878905
      ],
      "to": [
        228.961279296875,
        239.93829650878905
      ],
      "length_mm": 5.079616127228507,
      "angle_deg": 110.75407131879922
    },
    {
      "i": 22,
      "from": [
        228.961279296875,
        239.93829650878905
      ],
      "to": [
        226.211279296875,
        244.38829650878907
      ],
      "length_mm": 5.231156659860241,
      "angle_deg": 121.7151335150977
    },
    {
      "i": 23,
      "from": [
        226.211279296875,
        244.38829650878907
      ],
      "to": [
        222.661279296875,
        248.18829650878905
      ],
      "length_mm": 5.20024037905941,
      "angle_deg": 133.05191499348527
    }
  ],
  "holes": [
    {
      "i": 0,
      "cx": 176.461,
      "cz": 204.5,
      "d": 8.5,
      "r": 4.25
    },
    {
      "i": 1,
      "cx": 205.2,
      "cz": 228.238,
      "d": 53.0,