{
  "source": "docs/images/parts/metal/metal_img/side_movement/P20_left_side_plate_p1of3/Screenshot From 2026-06-27 00-22-10.png",
  "real_points_mm": [
    [
      103.0,
      1.0
    ],
    [
      178.0,
      1.0
    ],
    [
      178.0,
      21.0
    ],
    [
      103.0,
      21.0
    ]
  ],
  "image_points_px": [
    [
      861.6753726579705,
      639.5707525012181
    ],
    [
      1037.6957915229962,
      678.5362298598807
    ],
    [
      1036.2102866561636,
      621.8473993455303
    ],
    [
      859.4873043671448,
      585.864839575177
    ]
  ],
  "homography": [
    [
      2.4257962375321793,
      -0.10322284120276741,
      -1971.35225112594
    ],
    [
      -0.3855245098311927,
      1.9804944230619277,
      -775.8344996821634
    ],
    [
      0.00046934340853277477,
      -0.00012893781792564182,
      1.0
    ]
  ],
  "scale_px_per_mm": 4.0,
  "canvas_real_bounds_mm": {
    "x_min": 93.0,
    "x_max": 188.0,
    "z_min": -9.0,
    "z_max": 31.0
  },
  "output_size_px": [
    380,
    160
  ]
}