{
  "source": "hardware_mods/metal_plates/examples/side_movement/P20_left_side_plate_p1of3/Screenshot From 2026-06-27 00-22-10.png",
  "real_points_mm": [
    [
      103.0,
      1.0
    ],
    [
      178.0,
      1.0
    ],
    [
      178.0,
      21.0
    ],
    [
      103.0,
      21.0
    ]
  ],
  "image_points_px": [
    [
      861.850091613637,
      639.4068540965578
    ],
    [
      1036.6200559351062,
      677.7660603819537
    ],
    [
      1036.4447576828777,
      622.070874040009
    ],
    [
      859.4976249659854,
      584.874738752333
    ]
  ],
  "homography": [
    [
      2.392496594314829,
      -0.6473837467838458,
      728.4302027882843
    ],
    [
      -0.11409078085025805,
      1.3188797562312784,
      276.9823305585609
    ],
    [
      0.00023343790789147881,
      -0.0002487093457932657,
      1.0
    ]
  ],
  "scale_px_per_mm": 4.0,
  "canvas_real_bounds_mm": {
    "x_min": -467.0797878841287,
    "x_max": 522.6739482364206,
    "z_min": -345.3989876309187,
    "z_max": 246.15236659398812
  },
  "output_size_px": [
    3959,
    2366
  ]
}