{
  "source": "/home/a8/git/personal/DIY-3-axis-CNC-machine/hardware_mods/metal_plates/examples/side_movement/P20_left_side_plate_p1of3/2_flattened_image/source_rect.png",
  "image_size_px": [
    5176,
    3166
  ],
  "closed": true,
  "vertices_px": [
    [
      3791.1332404064406,
      1052.630199569796
    ],
    [
      3731.5492291902074,
      1007.2499119344805
    ],
    [
      3734.1632755367864,
      898.246394575647
    ],
    [
      3787.769686420941,
      897.0870576366274
    ],
    [
      3790.258199468391,
      780.0309483542219
    ],
    [
      3739.9119622057465,
      780.6992285642937
    ],
    [
      3740.7833109879393,
      612.1338529243673
    ],
    [
      3890.6516093692835,
      436.77860266387745
    ],
    [
      3927.7466992620516,
      434.70361107238386
    ],
    [
      3929.0389538119143,
      394.42219067524024
    ],
    [
      3988.8408022236954,
      325.2274977638864
    ],
    [
      4080.1072028467015,
      324.3487646699798
    ],
    [
      4081.329306435286,
      357.25694982119353
    ],
    [
      4026.9955408473515,
      359.1030277495686
    ],
    [
      4022.8234047292235,
      470.96796589738346
    ],
    [
      4075.4698550906237,
      469.9969289070582
    ],
    [
      4070.6368230741377,
      783.0769769360406
    ],
    [
      4022.7274086769485,
      782.7077613503657
    ],
    [
      4015.7935399779717,
      895.7098835020596
    ],
    [
      4067.262192621068,
      898.6525317198895
    ],
    [
      4068.727978496198,
      931.963161859489
    ],
    [
      4170.262264556826,
      937.9112249447134
    ],
    [
      4174.017187063141,
      1037.5145134922611
    ],
    [
      4153.861708241142,
      1056.8651023374885
    ]
  ]
}