{
  "source": "/home/a8/git/personal/DIY-3-axis-CNC-machine/hardware_mods/metal_plates/examples/mid_vertical_movement/engine_holder_vertical_p1of2/2_flattened_image/starting_point_rect.png",
  "image_size_px": [
    694,
    1036
  ],
  "closed": true,
  "vertices_px": [
    [
      220.4130238438119,
      920.9765366421068
    ],
    [
      186.61500748763353,
      923.8888186210288
    ],
    [
      179.39218435138025,
      901.9764187228361
    ],
    [
      157.86759258723484,
      901.1677271341406
    ],
    [
      156.45693016360025,
      920.9269236612051
    ],
    [
      134.25576316424852,
      921.7821259890745
    ],
    [
      132.13500227951212,
      879.1749589348315
    ],
    [
      141.1137596983698,
      875.3676527067853
    ],
    [
      140.5751833401195,
      789.3296135797988
    ],
    [
      102.32880756029053,
      788.2655059654012
    ],
    [
      100.76153172192204,
      869.3408155352233
    ],
    [
      107.26731049926371,
      881.161541626509
    ],
    [
      109.05262590135288,
      921.8324428114715
    ],
    [
      52.89346134816154,
      920.4086630962355
    ],
    [
      77.94344810647092,
      47.175760848533514
    ],
    [
      124.72603443801805,
      48.74555800915715
    ],
    [
      125.2474172585173,
      81.01216527380095
    ],
    [
      119.0516314671038,
      93.762701365504
    ],
    [
      117.67900566216044,
      144.9720528878463
    ],
    [
      148.87778822087017,
      147.11222069144338
    ],
    [
      152.86336435329616,
      94.67227268203277
    ],
    [
      146.4136768360923,
      79.65413152206389
    ],
    [
      144.4421247747759,
      47.07400918504794
    ],
    [
      353.66864663770116,
      46.63382489180938
    ],
    [
      354.78679824652534,
      79.57457128776792
    ],
    [
      348.61646495183084,
      89.5056211601408
    ],
    [
      354.0171372224514,
      147.94395140931866
    ],
    [
      381.6443661385705,
      151.31327412320164
    ],
    [
      384.7848048835279,
      87.96201818720597
    ],
    [
      376.9543085668375,
      77.4339948581742
    ],
    [
      375.81670065412334,
      47.579226235375785
    ],
    [
      427.21048428424615,
      47.77264247003242
    ],
    [
      620.6625606994187,
      235.3430362317302
    ],
    [
      642.0225089694729,
      536.0842439603084
    ],
    [
      465.18142131417267,
      918.6487661366883
    ],
    [
      400.99173816990447,
      921.2435260556014
    ],
    [
      393.4118722016235,
      877.3567661251974
    ],
    [
      401.7985832522969,
      871.3929081441577
    ],
    [
      401.7562376861295,
      789.086861211812
    ],
    [
      363.893579158642,
      786.613651252682
    ],
    [
      363.9885705638284,
      868.437874310528
    ],
    [
      368.53327984087866,
      873.6978803133793
    ],
    [
      371.44139020929583,
      921.6525172858502
    ],
    [
      336.35214896834106,
      925.8980794179288
    ],
    [
      332.38251730518,
      894.5279297835137
    ],
    [
      307.7986580578844,
      890.4293302300615
    ],
    [
      307.0944933768948,
      911.9256981837875
    ],
    [
      287.9504997420791,
      912.6504977272236
    ]
  ]
}