ISO-10303-21;
HEADER;
FILE_DESCRIPTION(('FreeCAD Model'),'2;1');
FILE_NAME('Open CASCADE Shape Model','2026-07-11T18:01:59',('FreeCAD'),(
    'FreeCAD'),'Open CASCADE STEP processor 7.8','FreeCAD','Unknown');
FILE_SCHEMA(('AUTOMOTIVE_DESIGN { 1 0 10303 214 1 1 1 1 }'));
ENDSEC;
DATA;
#1 = APPLICATION_PROTOCOL_DEFINITION('international standard',
  'automotive_design',2000,#2);
#2 = APPLICATION_CONTEXT(
  'core data for automotive mechanical design processes');
#3 = SHAPE_DEFINITION_REPRESENTATION(#4,#10);
#4 = PRODUCT_DEFINITION_SHAPE('','',#5);
#5 = PRODUCT_DEFINITION('design','',#6,#9);
#6 = PRODUCT_DEFINITION_FORMATION('','',#7);
#7 = PRODUCT('Open CASCADE STEP translator 7.8 1',
  'Open CASCADE STEP translator 7.8 1','',(#8));
#8 = PRODUCT_CONTEXT('',#2,'mechanical');
#9 = PRODUCT_DEFINITION_CONTEXT('part definition',#2,'design');
#10 = SHAPE_REPRESENTATION('',(#11,#15,#2231),#4447);
#11 = AXIS2_PLACEMENT_3D('',#12,#13,#14);
#12 = CARTESIAN_POINT('',(0.,0.,0.));
#13 = DIRECTION('',(0.,0.,1.));
#14 = DIRECTION('',(1.,0.,-0.));
#15 = MANIFOLD_SOLID_BREP('',#16);
#16 = CLOSED_SHELL('',(#17,#57,#88,#119,#150,#181,#212,#243,#274,#305,
    #336,#367,#398,#429,#460,#491,#522,#553,#584,#615,#646,#677,#708,
    #739,#770,#801,#832,#863,#885,#1268,#1299,#1323,#1347,#1364,#1395,
    #1419,#1443,#1474,#1498,#1522,#1547,#1572,#1604,#1621,#1652,#1677,
    #1702,#1727,#1752,#1777,#1802,#1827,#1852,#1877,#1902,#1927,#1952,
    #1977,#2002,#2027,#2052,#2193,#2205,#2217));
#17 = ADVANCED_FACE('',(#18),#52,.F.);
#18 = FACE_BOUND('',#19,.F.);
#19 = EDGE_LOOP('',(#20,#30,#38,#46));
#20 = ORIENTED_EDGE('',*,*,#21,.T.);
#21 = EDGE_CURVE('',#22,#24,#26,.T.);
#22 = VERTEX_POINT('',#23);
#23 = CARTESIAN_POINT('',(-75.,90.,0.));
#24 = VERTEX_POINT('',#25);
#25 = CARTESIAN_POINT('',(-75.,90.,10.));
#26 = LINE('',#27,#28);
#27 = CARTESIAN_POINT('',(-75.,90.,0.));
#28 = VECTOR('',#29,1.);
#29 = DIRECTION('',(0.,0.,1.));
#30 = ORIENTED_EDGE('',*,*,#31,.T.);
#31 = EDGE_CURVE('',#24,#32,#34,.T.);
#32 = VERTEX_POINT('',#33);
#33 = CARTESIAN_POINT('',(-75.,-130.,10.));
#34 = LINE('',#35,#36);
#35 = CARTESIAN_POINT('',(-75.,90.,10.));
#36 = VECTOR('',#37,1.);
#37 = DIRECTION('',(0.,-1.,0.));
#38 = ORIENTED_EDGE('',*,*,#39,.F.);
#39 = EDGE_CURVE('',#40,#32,#42,.T.);
#40 = VERTEX_POINT('',#41);
#41 = CARTESIAN_POINT('',(-75.,-130.,0.));
#42 = LINE('',#43,#44);
#43 = CARTESIAN_POINT('',(-75.,-130.,0.));
#44 = VECTOR('',#45,1.);
#45 = DIRECTION('',(0.,0.,1.));
#46 = ORIENTED_EDGE('',*,*,#47,.F.);
#47 = EDGE_CURVE('',#22,#40,#48,.T.);
#48 = LINE('',#49,#50);
#49 = CARTESIAN_POINT('',(-75.,90.,0.));
#50 = VECTOR('',#51,1.);
#51 = DIRECTION('',(0.,-1.,0.));
#52 = PLANE('',#53);
#53 = AXIS2_PLACEMENT_3D('',#54,#55,#56);
#54 = CARTESIAN_POINT('',(-75.,90.,0.));
#55 = DIRECTION('',(1.,0.,0.));
#56 = DIRECTION('',(0.,-1.,0.));
#57 = ADVANCED_FACE('',(#58),#83,.F.);
#58 = FACE_BOUND('',#59,.F.);
#59 = EDGE_LOOP('',(#60,#70,#76,#77));
#60 = ORIENTED_EDGE('',*,*,#61,.T.);
#61 = EDGE_CURVE('',#62,#64,#66,.T.);
#62 = VERTEX_POINT('',#63);
#63 = CARTESIAN_POINT('',(-37.,90.,0.));
#64 = VERTEX_POINT('',#65);
#65 = CARTESIAN_POINT('',(-37.,90.,10.));
#66 = LINE('',#67,#68);
#67 = CARTESIAN_POINT('',(-37.,90.,0.));
#68 = VECTOR('',#69,1.);
#69 = DIRECTION('',(0.,0.,1.));
#70 = ORIENTED_EDGE('',*,*,#71,.T.);
#71 = EDGE_CURVE('',#64,#24,#72,.T.);
#72 = LINE('',#73,#74);
#73 = CARTESIAN_POINT('',(75.,90.,10.));
#74 = VECTOR('',#75,1.);
#75 = DIRECTION('',(-1.,0.,0.));
#76 = ORIENTED_EDGE('',*,*,#21,.F.);
#77 = ORIENTED_EDGE('',*,*,#78,.F.);
#78 = EDGE_CURVE('',#62,#22,#79,.T.);
#79 = LINE('',#80,#81);
#80 = CARTESIAN_POINT('',(75.,90.,0.));
#81 = VECTOR('',#82,1.);
#82 = DIRECTION('',(-1.,0.,0.));
#83 = PLANE('',#84);
#84 = AXIS2_PLACEMENT_3D('',#85,#86,#87);
#85 = CARTESIAN_POINT('',(-37.,90.,0.));
#86 = DIRECTION('',(0.,-1.,0.));
#87 = DIRECTION('',(-1.,0.,0.));
#88 = ADVANCED_FACE('',(#89),#114,.T.);
#89 = FACE_BOUND('',#90,.T.);
#90 = EDGE_LOOP('',(#91,#92,#100,#108));
#91 = ORIENTED_EDGE('',*,*,#61,.T.);
#92 = ORIENTED_EDGE('',*,*,#93,.T.);
#93 = EDGE_CURVE('',#64,#94,#96,.T.);
#94 = VERTEX_POINT('',#95);
#95 = CARTESIAN_POINT('',(-37.,59.,10.));
#96 = LINE('',#97,#98);
#97 = CARTESIAN_POINT('',(-37.,90.,10.));
#98 = VECTOR('',#99,1.);
#99 = DIRECTION('',(0.,-1.,0.));
#100 = ORIENTED_EDGE('',*,*,#101,.F.);
#101 = EDGE_CURVE('',#102,#94,#104,.T.);
#102 = VERTEX_POINT('',#103);
#103 = CARTESIAN_POINT('',(-37.,59.,0.));
#104 = LINE('',#105,#106);
#105 = CARTESIAN_POINT('',(-37.,59.,0.));
#106 = VECTOR('',#107,1.);
#107 = DIRECTION('',(0.,0.,1.));
#108 = ORIENTED_EDGE('',*,*,#109,.F.);
#109 = EDGE_CURVE('',#62,#102,#110,.T.);
#110 = LINE('',#111,#112);
#111 = CARTESIAN_POINT('',(-37.,90.,0.));
#112 = VECTOR('',#113,1.);
#113 = DIRECTION('',(0.,-1.,0.));
#114 = PLANE('',#115);
#115 = AXIS2_PLACEMENT_3D('',#116,#117,#118);
#116 = CARTESIAN_POINT('',(-37.,90.,0.));
#117 = DIRECTION('',(1.,0.,0.));
#118 = DIRECTION('',(0.,-1.,0.));
#119 = ADVANCED_FACE('',(#120),#145,.T.);
#120 = FACE_BOUND('',#121,.T.);
#121 = EDGE_LOOP('',(#122,#123,#131,#139));
#122 = ORIENTED_EDGE('',*,*,#101,.T.);
#123 = ORIENTED_EDGE('',*,*,#124,.T.);
#124 = EDGE_CURVE('',#94,#125,#127,.T.);
#125 = VERTEX_POINT('',#126);
#126 = CARTESIAN_POINT('',(-39.25,59.,10.));
#127 = LINE('',#128,#129);
#128 = CARTESIAN_POINT('',(-25.75,59.,10.));
#129 = VECTOR('',#130,1.);
#130 = DIRECTION('',(-1.,0.,0.));
#131 = ORIENTED_EDGE('',*,*,#132,.F.);
#132 = EDGE_CURVE('',#133,#125,#135,.T.);
#133 = VERTEX_POINT('',#134);
#134 = CARTESIAN_POINT('',(-39.25,59.,0.));
#135 = LINE('',#136,#137);
#136 = CARTESIAN_POINT('',(-39.25,59.,0.));
#137 = VECTOR('',#138,1.);
#138 = DIRECTION('',(0.,0.,1.));
#139 = ORIENTED_EDGE('',*,*,#140,.F.);
#140 = EDGE_CURVE('',#102,#133,#141,.T.);
#141 = LINE('',#142,#143);
#142 = CARTESIAN_POINT('',(-25.75,59.,0.));
#143 = VECTOR('',#144,1.);
#144 = DIRECTION('',(-1.,0.,0.));
#145 = PLANE('',#146);
#146 = AXIS2_PLACEMENT_3D('',#147,#148,#149);
#147 = CARTESIAN_POINT('',(-37.,59.,0.));
#148 = DIRECTION('',(0.,-1.,0.));
#149 = DIRECTION('',(-1.,0.,0.));
#150 = ADVANCED_FACE('',(#151),#176,.T.);
#151 = FACE_BOUND('',#152,.T.);
#152 = EDGE_LOOP('',(#153,#154,#162,#170));
#153 = ORIENTED_EDGE('',*,*,#132,.T.);
#154 = ORIENTED_EDGE('',*,*,#155,.T.);
#155 = EDGE_CURVE('',#125,#156,#158,.T.);
#156 = VERTEX_POINT('',#157);
#157 = CARTESIAN_POINT('',(-39.25,51.,10.));
#158 = LINE('',#159,#160);
#159 = CARTESIAN_POINT('',(-39.25,59.,10.));
#160 = VECTOR('',#161,1.);
#161 = DIRECTION('',(0.,-1.,0.));
#162 = ORIENTED_EDGE('',*,*,#163,.F.);
#163 = EDGE_CURVE('',#164,#156,#166,.T.);
#164 = VERTEX_POINT('',#165);
#165 = CARTESIAN_POINT('',(-39.25,51.,0.));
#166 = LINE('',#167,#168);
#167 = CARTESIAN_POINT('',(-39.25,51.,0.));
#168 = VECTOR('',#169,1.);
#169 = DIRECTION('',(0.,0.,1.));
#170 = ORIENTED_EDGE('',*,*,#171,.F.);
#171 = EDGE_CURVE('',#133,#164,#172,.T.);
#172 = LINE('',#173,#174);
#173 = CARTESIAN_POINT('',(-39.25,59.,0.));
#174 = VECTOR('',#175,1.);
#175 = DIRECTION('',(0.,-1.,0.));
#176 = PLANE('',#177);
#177 = AXIS2_PLACEMENT_3D('',#178,#179,#180);
#178 = CARTESIAN_POINT('',(-39.25,59.,0.));
#179 = DIRECTION('',(1.,0.,0.));
#180 = DIRECTION('',(0.,-1.,0.));
#181 = ADVANCED_FACE('',(#182),#207,.T.);
#182 = FACE_BOUND('',#183,.T.);
#183 = EDGE_LOOP('',(#184,#185,#193,#201));
#184 = ORIENTED_EDGE('',*,*,#163,.T.);
#185 = ORIENTED_EDGE('',*,*,#186,.T.);
#186 = EDGE_CURVE('',#156,#187,#189,.T.);
#187 = VERTEX_POINT('',#188);
#188 = CARTESIAN_POINT('',(-25.75,51.,10.));
#189 = LINE('',#190,#191);
#190 = CARTESIAN_POINT('',(-39.25,51.,10.));
#191 = VECTOR('',#192,1.);
#192 = DIRECTION('',(1.,0.,0.));
#193 = ORIENTED_EDGE('',*,*,#194,.F.);
#194 = EDGE_CURVE('',#195,#187,#197,.T.);
#195 = VERTEX_POINT('',#196);
#196 = CARTESIAN_POINT('',(-25.75,51.,0.));
#197 = LINE('',#198,#199);
#198 = CARTESIAN_POINT('',(-25.75,51.,0.));
#199 = VECTOR('',#200,1.);
#200 = DIRECTION('',(0.,0.,1.));
#201 = ORIENTED_EDGE('',*,*,#202,.F.);
#202 = EDGE_CURVE('',#164,#195,#203,.T.);
#203 = LINE('',#204,#205);
#204 = CARTESIAN_POINT('',(-39.25,51.,0.));
#205 = VECTOR('',#206,1.);
#206 = DIRECTION('',(1.,0.,0.));
#207 = PLANE('',#208);
#208 = AXIS2_PLACEMENT_3D('',#209,#210,#211);
#209 = CARTESIAN_POINT('',(-39.25,51.,0.));
#210 = DIRECTION('',(0.,1.,0.));
#211 = DIRECTION('',(1.,0.,0.));
#212 = ADVANCED_FACE('',(#213),#238,.T.);
#213 = FACE_BOUND('',#214,.T.);
#214 = EDGE_LOOP('',(#215,#216,#224,#232));
#215 = ORIENTED_EDGE('',*,*,#194,.T.);
#216 = ORIENTED_EDGE('',*,*,#217,.T.);
#217 = EDGE_CURVE('',#187,#218,#220,.T.);
#218 = VERTEX_POINT('',#219);
#219 = CARTESIAN_POINT('',(-25.75,59.,10.));
#220 = LINE('',#221,#222);
#221 = CARTESIAN_POINT('',(-25.75,51.,10.));
#222 = VECTOR('',#223,1.);
#223 = DIRECTION('',(0.,1.,0.));
#224 = ORIENTED_EDGE('',*,*,#225,.F.);
#225 = EDGE_CURVE('',#226,#218,#228,.T.);
#226 = VERTEX_POINT('',#227);
#227 = CARTESIAN_POINT('',(-25.75,59.,0.));
#228 = LINE('',#229,#230);
#229 = CARTESIAN_POINT('',(-25.75,59.,0.));
#230 = VECTOR('',#231,1.);
#231 = DIRECTION('',(0.,0.,1.));
#232 = ORIENTED_EDGE('',*,*,#233,.F.);
#233 = EDGE_CURVE('',#195,#226,#234,.T.);
#234 = LINE('',#235,#236);
#235 = CARTESIAN_POINT('',(-25.75,51.,0.));
#236 = VECTOR('',#237,1.);
#237 = DIRECTION('',(0.,1.,0.));
#238 = PLANE('',#239);
#239 = AXIS2_PLACEMENT_3D('',#240,#241,#242);
#240 = CARTESIAN_POINT('',(-25.75,51.,0.));
#241 = DIRECTION('',(-1.,0.,0.));
#242 = DIRECTION('',(0.,1.,0.));
#243 = ADVANCED_FACE('',(#244),#269,.T.);
#244 = FACE_BOUND('',#245,.T.);
#245 = EDGE_LOOP('',(#246,#247,#255,#263));
#246 = ORIENTED_EDGE('',*,*,#225,.T.);
#247 = ORIENTED_EDGE('',*,*,#248,.T.);
#248 = EDGE_CURVE('',#218,#249,#251,.T.);
#249 = VERTEX_POINT('',#250);
#250 = CARTESIAN_POINT('',(-28.,59.,10.));
#251 = LINE('',#252,#253);
#252 = CARTESIAN_POINT('',(-25.75,59.,10.));
#253 = VECTOR('',#254,1.);
#254 = DIRECTION('',(-1.,0.,0.));
#255 = ORIENTED_EDGE('',*,*,#256,.F.);
#256 = EDGE_CURVE('',#257,#249,#259,.T.);
#257 = VERTEX_POINT('',#258);
#258 = CARTESIAN_POINT('',(-28.,59.,0.));
#259 = LINE('',#260,#261);
#260 = CARTESIAN_POINT('',(-28.,59.,0.));
#261 = VECTOR('',#262,1.);
#262 = DIRECTION('',(0.,0.,1.));
#263 = ORIENTED_EDGE('',*,*,#264,.F.);
#264 = EDGE_CURVE('',#226,#257,#265,.T.);
#265 = LINE('',#266,#267);
#266 = CARTESIAN_POINT('',(-25.75,59.,0.));
#267 = VECTOR('',#268,1.);
#268 = DIRECTION('',(-1.,0.,0.));
#269 = PLANE('',#270);
#270 = AXIS2_PLACEMENT_3D('',#271,#272,#273);
#271 = CARTESIAN_POINT('',(-25.75,59.,0.));
#272 = DIRECTION('',(0.,-1.,0.));
#273 = DIRECTION('',(-1.,0.,0.));
#274 = ADVANCED_FACE('',(#275),#300,.T.);
#275 = FACE_BOUND('',#276,.T.);
#276 = EDGE_LOOP('',(#277,#278,#286,#294));
#277 = ORIENTED_EDGE('',*,*,#256,.T.);
#278 = ORIENTED_EDGE('',*,*,#279,.T.);
#279 = EDGE_CURVE('',#249,#280,#282,.T.);
#280 = VERTEX_POINT('',#281);
#281 = CARTESIAN_POINT('',(-28.,90.,10.));
#282 = LINE('',#283,#284);
#283 = CARTESIAN_POINT('',(-28.,59.,10.));
#284 = VECTOR('',#285,1.);
#285 = DIRECTION('',(0.,1.,0.));
#286 = ORIENTED_EDGE('',*,*,#287,.F.);
#287 = EDGE_CURVE('',#288,#280,#290,.T.);
#288 = VERTEX_POINT('',#289);
#289 = CARTESIAN_POINT('',(-28.,90.,0.));
#290 = LINE('',#291,#292);
#291 = CARTESIAN_POINT('',(-28.,90.,0.));
#292 = VECTOR('',#293,1.);
#293 = DIRECTION('',(0.,0.,1.));
#294 = ORIENTED_EDGE('',*,*,#295,.F.);
#295 = EDGE_CURVE('',#257,#288,#296,.T.);
#296 = LINE('',#297,#298);
#297 = CARTESIAN_POINT('',(-28.,59.,0.));
#298 = VECTOR('',#299,1.);
#299 = DIRECTION('',(0.,1.,0.));
#300 = PLANE('',#301);
#301 = AXIS2_PLACEMENT_3D('',#302,#303,#304);
#302 = CARTESIAN_POINT('',(-28.,59.,0.));
#303 = DIRECTION('',(-1.,0.,0.));
#304 = DIRECTION('',(0.,1.,0.));
#305 = ADVANCED_FACE('',(#306),#331,.F.);
#306 = FACE_BOUND('',#307,.F.);
#307 = EDGE_LOOP('',(#308,#318,#324,#325));
#308 = ORIENTED_EDGE('',*,*,#309,.T.);
#309 = EDGE_CURVE('',#310,#312,#314,.T.);
#310 = VERTEX_POINT('',#311);
#311 = CARTESIAN_POINT('',(-4.5,90.,0.));
#312 = VERTEX_POINT('',#313);
#313 = CARTESIAN_POINT('',(-4.5,90.,10.));
#314 = LINE('',#315,#316);
#315 = CARTESIAN_POINT('',(-4.5,90.,0.));
#316 = VECTOR('',#317,1.);
#317 = DIRECTION('',(0.,0.,1.));
#318 = ORIENTED_EDGE('',*,*,#319,.T.);
#319 = EDGE_CURVE('',#312,#280,#320,.T.);
#320 = LINE('',#321,#322);
#321 = CARTESIAN_POINT('',(75.,90.,10.));
#322 = VECTOR('',#323,1.);
#323 = DIRECTION('',(-1.,0.,0.));
#324 = ORIENTED_EDGE('',*,*,#287,.F.);
#325 = ORIENTED_EDGE('',*,*,#326,.F.);
#326 = EDGE_CURVE('',#310,#288,#327,.T.);
#327 = LINE('',#328,#329);
#328 = CARTESIAN_POINT('',(75.,90.,0.));
#329 = VECTOR('',#330,1.);
#330 = DIRECTION('',(-1.,0.,0.));
#331 = PLANE('',#332);
#332 = AXIS2_PLACEMENT_3D('',#333,#334,#335);
#333 = CARTESIAN_POINT('',(-4.5,90.,0.));
#334 = DIRECTION('',(0.,-1.,0.));
#335 = DIRECTION('',(-1.,0.,0.));
#336 = ADVANCED_FACE('',(#337),#362,.T.);
#337 = FACE_BOUND('',#338,.T.);
#338 = EDGE_LOOP('',(#339,#340,#348,#356));
#339 = ORIENTED_EDGE('',*,*,#309,.T.);
#340 = ORIENTED_EDGE('',*,*,#341,.T.);
#341 = EDGE_CURVE('',#312,#342,#344,.T.);
#342 = VERTEX_POINT('',#343);
#343 = CARTESIAN_POINT('',(-4.5,79.,10.));
#344 = LINE('',#345,#346);
#345 = CARTESIAN_POINT('',(-4.5,90.,10.));
#346 = VECTOR('',#347,1.);
#347 = DIRECTION('',(0.,-1.,0.));
#348 = ORIENTED_EDGE('',*,*,#349,.F.);
#349 = EDGE_CURVE('',#350,#342,#352,.T.);
#350 = VERTEX_POINT('',#351);
#351 = CARTESIAN_POINT('',(-4.5,79.,0.));
#352 = LINE('',#353,#354);
#353 = CARTESIAN_POINT('',(-4.5,79.,0.));
#354 = VECTOR('',#355,1.);
#355 = DIRECTION('',(0.,0.,1.));
#356 = ORIENTED_EDGE('',*,*,#357,.F.);
#357 = EDGE_CURVE('',#310,#350,#358,.T.);
#358 = LINE('',#359,#360);
#359 = CARTESIAN_POINT('',(-4.5,90.,0.));
#360 = VECTOR('',#361,1.);
#361 = DIRECTION('',(0.,-1.,0.));
#362 = PLANE('',#363);
#363 = AXIS2_PLACEMENT_3D('',#364,#365,#366);
#364 = CARTESIAN_POINT('',(-4.5,90.,0.));
#365 = DIRECTION('',(1.,0.,0.));
#366 = DIRECTION('',(0.,-1.,0.));
#367 = ADVANCED_FACE('',(#368),#393,.T.);
#368 = FACE_BOUND('',#369,.T.);
#369 = EDGE_LOOP('',(#370,#371,#379,#387));
#370 = ORIENTED_EDGE('',*,*,#349,.T.);
#371 = ORIENTED_EDGE('',*,*,#372,.T.);
#372 = EDGE_CURVE('',#342,#373,#375,.T.);
#373 = VERTEX_POINT('',#374);
#374 = CARTESIAN_POINT('',(-6.75,79.,10.));
#375 = LINE('',#376,#377);
#376 = CARTESIAN_POINT('',(6.75,79.,10.));
#377 = VECTOR('',#378,1.);
#378 = DIRECTION('',(-1.,0.,0.));
#379 = ORIENTED_EDGE('',*,*,#380,.F.);
#380 = EDGE_CURVE('',#381,#373,#383,.T.);
#381 = VERTEX_POINT('',#382);
#382 = CARTESIAN_POINT('',(-6.75,79.,0.));
#383 = LINE('',#384,#385);
#384 = CARTESIAN_POINT('',(-6.75,79.,0.));
#385 = VECTOR('',#386,1.);
#386 = DIRECTION('',(0.,0.,1.));
#387 = ORIENTED_EDGE('',*,*,#388,.F.);
#388 = EDGE_CURVE('',#350,#381,#389,.T.);
#389 = LINE('',#390,#391);
#390 = CARTESIAN_POINT('',(6.75,79.,0.));
#391 = VECTOR('',#392,1.);
#392 = DIRECTION('',(-1.,0.,0.));
#393 = PLANE('',#394);
#394 = AXIS2_PLACEMENT_3D('',#395,#396,#397);
#395 = CARTESIAN_POINT('',(-4.5,79.,0.));
#396 = DIRECTION('',(0.,-1.,0.));
#397 = DIRECTION('',(-1.,0.,0.));
#398 = ADVANCED_FACE('',(#399),#424,.T.);
#399 = FACE_BOUND('',#400,.T.);
#400 = EDGE_LOOP('',(#401,#402,#410,#418));
#401 = ORIENTED_EDGE('',*,*,#380,.T.);
#402 = ORIENTED_EDGE('',*,*,#403,.T.);
#403 = EDGE_CURVE('',#373,#404,#406,.T.);
#404 = VERTEX_POINT('',#405);
#405 = CARTESIAN_POINT('',(-6.75,71.,10.));
#406 = LINE('',#407,#408);
#407 = CARTESIAN_POINT('',(-6.75,79.,10.));
#408 = VECTOR('',#409,1.);
#409 = DIRECTION('',(0.,-1.,0.));
#410 = ORIENTED_EDGE('',*,*,#411,.F.);
#411 = EDGE_CURVE('',#412,#404,#414,.T.);
#412 = VERTEX_POINT('',#413);
#413 = CARTESIAN_POINT('',(-6.75,71.,0.));
#414 = LINE('',#415,#416);
#415 = CARTESIAN_POINT('',(-6.75,71.,0.));
#416 = VECTOR('',#417,1.);
#417 = DIRECTION('',(0.,0.,1.));
#418 = ORIENTED_EDGE('',*,*,#419,.F.);
#419 = EDGE_CURVE('',#381,#412,#420,.T.);
#420 = LINE('',#421,#422);
#421 = CARTESIAN_POINT('',(-6.75,79.,0.));
#422 = VECTOR('',#423,1.);
#423 = DIRECTION('',(0.,-1.,0.));
#424 = PLANE('',#425);
#425 = AXIS2_PLACEMENT_3D('',#426,#427,#428);
#426 = CARTESIAN_POINT('',(-6.75,79.,0.));
#427 = DIRECTION('',(1.,0.,0.));
#428 = DIRECTION('',(0.,-1.,0.));
#429 = ADVANCED_FACE('',(#430),#455,.T.);
#430 = FACE_BOUND('',#431,.T.);
#431 = EDGE_LOOP('',(#432,#433,#441,#449));
#432 = ORIENTED_EDGE('',*,*,#411,.T.);
#433 = ORIENTED_EDGE('',*,*,#434,.T.);
#434 = EDGE_CURVE('',#404,#435,#437,.T.);
#435 = VERTEX_POINT('',#436);
#436 = CARTESIAN_POINT('',(6.75,71.,10.));
#437 = LINE('',#438,#439);
#438 = CARTESIAN_POINT('',(-6.75,71.,10.));
#439 = VECTOR('',#440,1.);
#440 = DIRECTION('',(1.,0.,0.));
#441 = ORIENTED_EDGE('',*,*,#442,.F.);
#442 = EDGE_CURVE('',#443,#435,#445,.T.);
#443 = VERTEX_POINT('',#444);
#444 = CARTESIAN_POINT('',(6.75,71.,0.));
#445 = LINE('',#446,#447);
#446 = CARTESIAN_POINT('',(6.75,71.,0.));
#447 = VECTOR('',#448,1.);
#448 = DIRECTION('',(0.,0.,1.));
#449 = ORIENTED_EDGE('',*,*,#450,.F.);
#450 = EDGE_CURVE('',#412,#443,#451,.T.);
#451 = LINE('',#452,#453);
#452 = CARTESIAN_POINT('',(-6.75,71.,0.));
#453 = VECTOR('',#454,1.);
#454 = DIRECTION('',(1.,0.,0.));
#455 = PLANE('',#456);
#456 = AXIS2_PLACEMENT_3D('',#457,#458,#459);
#457 = CARTESIAN_POINT('',(-6.75,71.,0.));
#458 = DIRECTION('',(0.,1.,0.));
#459 = DIRECTION('',(1.,0.,0.));
#460 = ADVANCED_FACE('',(#461),#486,.T.);
#461 = FACE_BOUND('',#462,.T.);
#462 = EDGE_LOOP('',(#463,#464,#472,#480));
#463 = ORIENTED_EDGE('',*,*,#442,.T.);
#464 = ORIENTED_EDGE('',*,*,#465,.T.);
#465 = EDGE_CURVE('',#435,#466,#468,.T.);
#466 = VERTEX_POINT('',#467);
#467 = CARTESIAN_POINT('',(6.75,79.,10.));
#468 = LINE('',#469,#470);
#469 = CARTESIAN_POINT('',(6.75,71.,10.));
#470 = VECTOR('',#471,1.);
#471 = DIRECTION('',(0.,1.,0.));
#472 = ORIENTED_EDGE('',*,*,#473,.F.);
#473 = EDGE_CURVE('',#474,#466,#476,.T.);
#474 = VERTEX_POINT('',#475);
#475 = CARTESIAN_POINT('',(6.75,79.,0.));
#476 = LINE('',#477,#478);
#477 = CARTESIAN_POINT('',(6.75,79.,0.));
#478 = VECTOR('',#479,1.);
#479 = DIRECTION('',(0.,0.,1.));
#480 = ORIENTED_EDGE('',*,*,#481,.F.);
#481 = EDGE_CURVE('',#443,#474,#482,.T.);
#482 = LINE('',#483,#484);
#483 = CARTESIAN_POINT('',(6.75,71.,0.));
#484 = VECTOR('',#485,1.);
#485 = DIRECTION('',(0.,1.,0.));
#486 = PLANE('',#487);
#487 = AXIS2_PLACEMENT_3D('',#488,#489,#490);
#488 = CARTESIAN_POINT('',(6.75,71.,0.));
#489 = DIRECTION('',(-1.,0.,0.));
#490 = DIRECTION('',(0.,1.,0.));
#491 = ADVANCED_FACE('',(#492),#517,.T.);
#492 = FACE_BOUND('',#493,.T.);
#493 = EDGE_LOOP('',(#494,#495,#503,#511));
#494 = ORIENTED_EDGE('',*,*,#473,.T.);
#495 = ORIENTED_EDGE('',*,*,#496,.T.);
#496 = EDGE_CURVE('',#466,#497,#499,.T.);
#497 = VERTEX_POINT('',#498);
#498 = CARTESIAN_POINT('',(4.5,79.,10.));
#499 = LINE('',#500,#501);
#500 = CARTESIAN_POINT('',(6.75,79.,10.));
#501 = VECTOR('',#502,1.);
#502 = DIRECTION('',(-1.,0.,0.));
#503 = ORIENTED_EDGE('',*,*,#504,.F.);
#504 = EDGE_CURVE('',#505,#497,#507,.T.);
#505 = VERTEX_POINT('',#506);
#506 = CARTESIAN_POINT('',(4.5,79.,0.));
#507 = LINE('',#508,#509);
#508 = CARTESIAN_POINT('',(4.5,79.,0.));
#509 = VECTOR('',#510,1.);
#510 = DIRECTION('',(0.,0.,1.));
#511 = ORIENTED_EDGE('',*,*,#512,.F.);
#512 = EDGE_CURVE('',#474,#505,#513,.T.);
#513 = LINE('',#514,#515);
#514 = CARTESIAN_POINT('',(6.75,79.,0.));
#515 = VECTOR('',#516,1.);
#516 = DIRECTION('',(-1.,0.,0.));
#517 = PLANE('',#518);
#518 = AXIS2_PLACEMENT_3D('',#519,#520,#521);
#519 = CARTESIAN_POINT('',(6.75,79.,0.));
#520 = DIRECTION('',(0.,-1.,0.));
#521 = DIRECTION('',(-1.,0.,0.));
#522 = ADVANCED_FACE('',(#523),#548,.T.);
#523 = FACE_BOUND('',#524,.T.);
#524 = EDGE_LOOP('',(#525,#526,#534,#542));
#525 = ORIENTED_EDGE('',*,*,#504,.T.);
#526 = ORIENTED_EDGE('',*,*,#527,.T.);
#527 = EDGE_CURVE('',#497,#528,#530,.T.);
#528 = VERTEX_POINT('',#529);
#529 = CARTESIAN_POINT('',(4.5,90.,10.));
#530 = LINE('',#531,#532);
#531 = CARTESIAN_POINT('',(4.5,79.,10.));
#532 = VECTOR('',#533,1.);
#533 = DIRECTION('',(0.,1.,0.));
#534 = ORIENTED_EDGE('',*,*,#535,.F.);
#535 = EDGE_CURVE('',#536,#528,#538,.T.);
#536 = VERTEX_POINT('',#537);
#537 = CARTESIAN_POINT('',(4.5,90.,0.));
#538 = LINE('',#539,#540);
#539 = CARTESIAN_POINT('',(4.5,90.,0.));
#540 = VECTOR('',#541,1.);
#541 = DIRECTION('',(0.,0.,1.));
#542 = ORIENTED_EDGE('',*,*,#543,.F.);
#543 = EDGE_CURVE('',#505,#536,#544,.T.);
#544 = LINE('',#545,#546);
#545 = CARTESIAN_POINT('',(4.5,79.,0.));
#546 = VECTOR('',#547,1.);
#547 = DIRECTION('',(0.,1.,0.));
#548 = PLANE('',#549);
#549 = AXIS2_PLACEMENT_3D('',#550,#551,#552);
#550 = CARTESIAN_POINT('',(4.5,79.,0.));
#551 = DIRECTION('',(-1.,0.,0.));
#552 = DIRECTION('',(0.,1.,0.));
#553 = ADVANCED_FACE('',(#554),#579,.F.);
#554 = FACE_BOUND('',#555,.F.);
#555 = EDGE_LOOP('',(#556,#566,#572,#573));
#556 = ORIENTED_EDGE('',*,*,#557,.T.);
#557 = EDGE_CURVE('',#558,#560,#562,.T.);
#558 = VERTEX_POINT('',#559);
#559 = CARTESIAN_POINT('',(28.,90.,0.));
#560 = VERTEX_POINT('',#561);
#561 = CARTESIAN_POINT('',(28.,90.,10.));
#562 = LINE('',#563,#564);
#563 = CARTESIAN_POINT('',(28.,90.,0.));
#564 = VECTOR('',#565,1.);
#565 = DIRECTION('',(0.,0.,1.));
#566 = ORIENTED_EDGE('',*,*,#567,.T.);
#567 = EDGE_CURVE('',#560,#528,#568,.T.);
#568 = LINE('',#569,#570);
#569 = CARTESIAN_POINT('',(75.,90.,10.));
#570 = VECTOR('',#571,1.);
#571 = DIRECTION('',(-1.,0.,0.));
#572 = ORIENTED_EDGE('',*,*,#535,.F.);
#573 = ORIENTED_EDGE('',*,*,#574,.F.);
#574 = EDGE_CURVE('',#558,#536,#575,.T.);
#575 = LINE('',#576,#577);
#576 = CARTESIAN_POINT('',(75.,90.,0.));
#577 = VECTOR('',#578,1.);
#578 = DIRECTION('',(-1.,0.,0.));
#579 = PLANE('',#580);
#580 = AXIS2_PLACEMENT_3D('',#581,#582,#583);
#581 = CARTESIAN_POINT('',(28.,90.,0.));
#582 = DIRECTION('',(0.,-1.,0.));
#583 = DIRECTION('',(-1.,0.,0.));
#584 = ADVANCED_FACE('',(#585),#610,.T.);
#585 = FACE_BOUND('',#586,.T.);
#586 = EDGE_LOOP('',(#587,#588,#596,#604));
#587 = ORIENTED_EDGE('',*,*,#557,.T.);
#588 = ORIENTED_EDGE('',*,*,#589,.T.);
#589 = EDGE_CURVE('',#560,#590,#592,.T.);
#590 = VERTEX_POINT('',#591);
#591 = CARTESIAN_POINT('',(28.,59.,10.));
#592 = LINE('',#593,#594);
#593 = CARTESIAN_POINT('',(28.,90.,10.));
#594 = VECTOR('',#595,1.);
#595 = DIRECTION('',(0.,-1.,0.));
#596 = ORIENTED_EDGE('',*,*,#597,.F.);
#597 = EDGE_CURVE('',#598,#590,#600,.T.);
#598 = VERTEX_POINT('',#599);
#599 = CARTESIAN_POINT('',(28.,59.,0.));
#600 = LINE('',#601,#602);
#601 = CARTESIAN_POINT('',(28.,59.,0.));
#602 = VECTOR('',#603,1.);
#603 = DIRECTION('',(0.,0.,1.));
#604 = ORIENTED_EDGE('',*,*,#605,.F.);
#605 = EDGE_CURVE('',#558,#598,#606,.T.);
#606 = LINE('',#607,#608);
#607 = CARTESIAN_POINT('',(28.,90.,0.));
#608 = VECTOR('',#609,1.);
#609 = DIRECTION('',(0.,-1.,0.));
#610 = PLANE('',#611);
#611 = AXIS2_PLACEMENT_3D('',#612,#613,#614);
#612 = CARTESIAN_POINT('',(28.,90.,0.));
#613 = DIRECTION('',(1.,0.,0.));
#614 = DIRECTION('',(0.,-1.,0.));
#615 = ADVANCED_FACE('',(#616),#641,.T.);
#616 = FACE_BOUND('',#617,.T.);
#617 = EDGE_LOOP('',(#618,#619,#627,#635));
#618 = ORIENTED_EDGE('',*,*,#597,.T.);
#619 = ORIENTED_EDGE('',*,*,#620,.T.);
#620 = EDGE_CURVE('',#590,#621,#623,.T.);
#621 = VERTEX_POINT('',#622);
#622 = CARTESIAN_POINT('',(25.75,59.,10.));
#623 = LINE('',#624,#625);
#624 = CARTESIAN_POINT('',(39.25,59.,10.));
#625 = VECTOR('',#626,1.);
#626 = DIRECTION('',(-1.,0.,0.));
#627 = ORIENTED_EDGE('',*,*,#628,.F.);
#628 = EDGE_CURVE('',#629,#621,#631,.T.);
#629 = VERTEX_POINT('',#630);
#630 = CARTESIAN_POINT('',(25.75,59.,0.));
#631 = LINE('',#632,#633);
#632 = CARTESIAN_POINT('',(25.75,59.,0.));
#633 = VECTOR('',#634,1.);
#634 = DIRECTION('',(0.,0.,1.));
#635 = ORIENTED_EDGE('',*,*,#636,.F.);
#636 = EDGE_CURVE('',#598,#629,#637,.T.);
#637 = LINE('',#638,#639);
#638 = CARTESIAN_POINT('',(39.25,59.,0.));
#639 = VECTOR('',#640,1.);
#640 = DIRECTION('',(-1.,0.,0.));
#641 = PLANE('',#642);
#642 = AXIS2_PLACEMENT_3D('',#643,#644,#645);
#643 = CARTESIAN_POINT('',(28.,59.,0.));
#644 = DIRECTION('',(0.,-1.,0.));
#645 = DIRECTION('',(-1.,0.,0.));
#646 = ADVANCED_FACE('',(#647),#672,.T.);
#647 = FACE_BOUND('',#648,.T.);
#648 = EDGE_LOOP('',(#649,#650,#658,#666));
#649 = ORIENTED_EDGE('',*,*,#628,.T.);
#650 = ORIENTED_EDGE('',*,*,#651,.T.);
#651 = EDGE_CURVE('',#621,#652,#654,.T.);
#652 = VERTEX_POINT('',#653);
#653 = CARTESIAN_POINT('',(25.75,51.,10.));
#654 = LINE('',#655,#656);
#655 = CARTESIAN_POINT('',(25.75,59.,10.));
#656 = VECTOR('',#657,1.);
#657 = DIRECTION('',(0.,-1.,0.));
#658 = ORIENTED_EDGE('',*,*,#659,.F.);
#659 = EDGE_CURVE('',#660,#652,#662,.T.);
#660 = VERTEX_POINT('',#661);
#661 = CARTESIAN_POINT('',(25.75,51.,0.));
#662 = LINE('',#663,#664);
#663 = CARTESIAN_POINT('',(25.75,51.,0.));
#664 = VECTOR('',#665,1.);
#665 = DIRECTION('',(0.,0.,1.));
#666 = ORIENTED_EDGE('',*,*,#667,.F.);
#667 = EDGE_CURVE('',#629,#660,#668,.T.);
#668 = LINE('',#669,#670);
#669 = CARTESIAN_POINT('',(25.75,59.,0.));
#670 = VECTOR('',#671,1.);
#671 = DIRECTION('',(0.,-1.,0.));
#672 = PLANE('',#673);
#673 = AXIS2_PLACEMENT_3D('',#674,#675,#676);
#674 = CARTESIAN_POINT('',(25.75,59.,0.));
#675 = DIRECTION('',(1.,0.,0.));
#676 = DIRECTION('',(0.,-1.,0.));
#677 = ADVANCED_FACE('',(#678),#703,.T.);
#678 = FACE_BOUND('',#679,.T.);
#679 = EDGE_LOOP('',(#680,#681,#689,#697));
#680 = ORIENTED_EDGE('',*,*,#659,.T.);
#681 = ORIENTED_EDGE('',*,*,#682,.T.);
#682 = EDGE_CURVE('',#652,#683,#685,.T.);
#683 = VERTEX_POINT('',#684);
#684 = CARTESIAN_POINT('',(39.25,51.,10.));
#685 = LINE('',#686,#687);
#686 = CARTESIAN_POINT('',(25.75,51.,10.));
#687 = VECTOR('',#688,1.);
#688 = DIRECTION('',(1.,0.,0.));
#689 = ORIENTED_EDGE('',*,*,#690,.F.);
#690 = EDGE_CURVE('',#691,#683,#693,.T.);
#691 = VERTEX_POINT('',#692);
#692 = CARTESIAN_POINT('',(39.25,51.,0.));
#693 = LINE('',#694,#695);
#694 = CARTESIAN_POINT('',(39.25,51.,0.));
#695 = VECTOR('',#696,1.);
#696 = DIRECTION('',(0.,0.,1.));
#697 = ORIENTED_EDGE('',*,*,#698,.F.);
#698 = EDGE_CURVE('',#660,#691,#699,.T.);
#699 = LINE('',#700,#701);
#700 = CARTESIAN_POINT('',(25.75,51.,0.));
#701 = VECTOR('',#702,1.);
#702 = DIRECTION('',(1.,0.,0.));
#703 = PLANE('',#704);
#704 = AXIS2_PLACEMENT_3D('',#705,#706,#707);
#705 = CARTESIAN_POINT('',(25.75,51.,0.));
#706 = DIRECTION('',(0.,1.,0.));
#707 = DIRECTION('',(1.,0.,0.));
#708 = ADVANCED_FACE('',(#709),#734,.T.);
#709 = FACE_BOUND('',#710,.T.);
#710 = EDGE_LOOP('',(#711,#712,#720,#728));
#711 = ORIENTED_EDGE('',*,*,#690,.T.);
#712 = ORIENTED_EDGE('',*,*,#713,.T.);
#713 = EDGE_CURVE('',#683,#714,#716,.T.);
#714 = VERTEX_POINT('',#715);
#715 = CARTESIAN_POINT('',(39.25,59.,10.));
#716 = LINE('',#717,#718);
#717 = CARTESIAN_POINT('',(39.25,51.,10.));
#718 = VECTOR('',#719,1.);
#719 = DIRECTION('',(0.,1.,0.));
#720 = ORIENTED_EDGE('',*,*,#721,.F.);
#721 = EDGE_CURVE('',#722,#714,#724,.T.);
#722 = VERTEX_POINT('',#723);
#723 = CARTESIAN_POINT('',(39.25,59.,0.));
#724 = LINE('',#725,#726);
#725 = CARTESIAN_POINT('',(39.25,59.,0.));
#726 = VECTOR('',#727,1.);
#727 = DIRECTION('',(0.,0.,1.));
#728 = ORIENTED_EDGE('',*,*,#729,.F.);
#729 = EDGE_CURVE('',#691,#722,#730,.T.);
#730 = LINE('',#731,#732);
#731 = CARTESIAN_POINT('',(39.25,51.,0.));
#732 = VECTOR('',#733,1.);
#733 = DIRECTION('',(0.,1.,0.));
#734 = PLANE('',#735);
#735 = AXIS2_PLACEMENT_3D('',#736,#737,#738);
#736 = CARTESIAN_POINT('',(39.25,51.,0.));
#737 = DIRECTION('',(-1.,0.,0.));
#738 = DIRECTION('',(0.,1.,0.));
#739 = ADVANCED_FACE('',(#740),#765,.T.);
#740 = FACE_BOUND('',#741,.T.);
#741 = EDGE_LOOP('',(#742,#743,#751,#759));
#742 = ORIENTED_EDGE('',*,*,#721,.T.);
#743 = ORIENTED_EDGE('',*,*,#744,.T.);
#744 = EDGE_CURVE('',#714,#745,#747,.T.);
#745 = VERTEX_POINT('',#746);
#746 = CARTESIAN_POINT('',(37.,59.,10.));
#747 = LINE('',#748,#749);
#748 = CARTESIAN_POINT('',(39.25,59.,10.));
#749 = VECTOR('',#750,1.);
#750 = DIRECTION('',(-1.,0.,0.));
#751 = ORIENTED_EDGE('',*,*,#752,.F.);
#752 = EDGE_CURVE('',#753,#745,#755,.T.);
#753 = VERTEX_POINT('',#754);
#754 = CARTESIAN_POINT('',(37.,59.,0.));
#755 = LINE('',#756,#757);
#756 = CARTESIAN_POINT('',(37.,59.,0.));
#757 = VECTOR('',#758,1.);
#758 = DIRECTION('',(0.,0.,1.));
#759 = ORIENTED_EDGE('',*,*,#760,.F.);
#760 = EDGE_CURVE('',#722,#753,#761,.T.);
#761 = LINE('',#762,#763);
#762 = CARTESIAN_POINT('',(39.25,59.,0.));
#763 = VECTOR('',#764,1.);
#764 = DIRECTION('',(-1.,0.,0.));
#765 = PLANE('',#766);
#766 = AXIS2_PLACEMENT_3D('',#767,#768,#769);
#767 = CARTESIAN_POINT('',(39.25,59.,0.));
#768 = DIRECTION('',(0.,-1.,0.));
#769 = DIRECTION('',(-1.,0.,0.));
#770 = ADVANCED_FACE('',(#771),#796,.T.);
#771 = FACE_BOUND('',#772,.T.);
#772 = EDGE_LOOP('',(#773,#774,#782,#790));
#773 = ORIENTED_EDGE('',*,*,#752,.T.);
#774 = ORIENTED_EDGE('',*,*,#775,.T.);
#775 = EDGE_CURVE('',#745,#776,#778,.T.);
#776 = VERTEX_POINT('',#777);
#777 = CARTESIAN_POINT('',(37.,90.,10.));
#778 = LINE('',#779,#780);
#779 = CARTESIAN_POINT('',(37.,59.,10.));
#780 = VECTOR('',#781,1.);
#781 = DIRECTION('',(0.,1.,0.));
#782 = ORIENTED_EDGE('',*,*,#783,.F.);
#783 = EDGE_CURVE('',#784,#776,#786,.T.);
#784 = VERTEX_POINT('',#785);
#785 = CARTESIAN_POINT('',(37.,90.,0.));
#786 = LINE('',#787,#788);
#787 = CARTESIAN_POINT('',(37.,90.,0.));
#788 = VECTOR('',#789,1.);
#789 = DIRECTION('',(0.,0.,1.));
#790 = ORIENTED_EDGE('',*,*,#791,.F.);
#791 = EDGE_CURVE('',#753,#784,#792,.T.);
#792 = LINE('',#793,#794);
#793 = CARTESIAN_POINT('',(37.,59.,0.));
#794 = VECTOR('',#795,1.);
#795 = DIRECTION('',(0.,1.,0.));
#796 = PLANE('',#797);
#797 = AXIS2_PLACEMENT_3D('',#798,#799,#800);
#798 = CARTESIAN_POINT('',(37.,59.,0.));
#799 = DIRECTION('',(-1.,0.,0.));
#800 = DIRECTION('',(0.,1.,0.));
#801 = ADVANCED_FACE('',(#802),#827,.F.);
#802 = FACE_BOUND('',#803,.F.);
#803 = EDGE_LOOP('',(#804,#814,#820,#821));
#804 = ORIENTED_EDGE('',*,*,#805,.T.);
#805 = EDGE_CURVE('',#806,#808,#810,.T.);
#806 = VERTEX_POINT('',#807);
#807 = CARTESIAN_POINT('',(75.,90.,0.));
#808 = VERTEX_POINT('',#809);
#809 = CARTESIAN_POINT('',(75.,90.,10.));
#810 = LINE('',#811,#812);
#811 = CARTESIAN_POINT('',(75.,90.,0.));
#812 = VECTOR('',#813,1.);
#813 = DIRECTION('',(0.,0.,1.));
#814 = ORIENTED_EDGE('',*,*,#815,.T.);
#815 = EDGE_CURVE('',#808,#776,#816,.T.);
#816 = LINE('',#817,#818);
#817 = CARTESIAN_POINT('',(75.,90.,10.));
#818 = VECTOR('',#819,1.);
#819 = DIRECTION('',(-1.,0.,0.));
#820 = ORIENTED_EDGE('',*,*,#783,.F.);
#821 = ORIENTED_EDGE('',*,*,#822,.F.);
#822 = EDGE_CURVE('',#806,#784,#823,.T.);
#823 = LINE('',#824,#825);
#824 = CARTESIAN_POINT('',(75.,90.,0.));
#825 = VECTOR('',#826,1.);
#826 = DIRECTION('',(-1.,0.,0.));
#827 = PLANE('',#828);
#828 = AXIS2_PLACEMENT_3D('',#829,#830,#831);
#829 = CARTESIAN_POINT('',(75.,90.,0.));
#830 = DIRECTION('',(0.,-1.,0.));
#831 = DIRECTION('',(-1.,0.,0.));
#832 = ADVANCED_FACE('',(#833),#858,.F.);
#833 = FACE_BOUND('',#834,.F.);
#834 = EDGE_LOOP('',(#835,#845,#851,#852));
#835 = ORIENTED_EDGE('',*,*,#836,.T.);
#836 = EDGE_CURVE('',#837,#839,#841,.T.);
#837 = VERTEX_POINT('',#838);
#838 = CARTESIAN_POINT('',(75.,-130.,0.));
#839 = VERTEX_POINT('',#840);
#840 = CARTESIAN_POINT('',(75.,-130.,10.));
#841 = LINE('',#842,#843);
#842 = CARTESIAN_POINT('',(75.,-130.,0.));
#843 = VECTOR('',#844,1.);
#844 = DIRECTION('',(0.,0.,1.));
#845 = ORIENTED_EDGE('',*,*,#846,.T.);
#846 = EDGE_CURVE('',#839,#808,#847,.T.);
#847 = LINE('',#848,#849);
#848 = CARTESIAN_POINT('',(75.,-130.,10.));
#849 = VECTOR('',#850,1.);
#850 = DIRECTION('',(0.,1.,0.));
#851 = ORIENTED_EDGE('',*,*,#805,.F.);
#852 = ORIENTED_EDGE('',*,*,#853,.F.);
#853 = EDGE_CURVE('',#837,#806,#854,.T.);
#854 = LINE('',#855,#856);
#855 = CARTESIAN_POINT('',(75.,-130.,0.));
#856 = VECTOR('',#857,1.);
#857 = DIRECTION('',(0.,1.,0.));
#858 = PLANE('',#859);
#859 = AXIS2_PLACEMENT_3D('',#860,#861,#862);
#860 = CARTESIAN_POINT('',(75.,-130.,0.));
#861 = DIRECTION('',(-1.,0.,0.));
#862 = DIRECTION('',(0.,1.,0.));
#863 = ADVANCED_FACE('',(#864),#880,.T.);
#864 = FACE_BOUND('',#865,.T.);
#865 = EDGE_LOOP('',(#866,#872,#873,#879));
#866 = ORIENTED_EDGE('',*,*,#867,.T.);
#867 = EDGE_CURVE('',#40,#837,#868,.T.);
#868 = LINE('',#869,#870);
#869 = CARTESIAN_POINT('',(-75.,-130.,0.));
#870 = VECTOR('',#871,1.);
#871 = DIRECTION('',(1.,0.,0.));
#872 = ORIENTED_EDGE('',*,*,#836,.T.);
#873 = ORIENTED_EDGE('',*,*,#874,.F.);
#874 = EDGE_CURVE('',#32,#839,#875,.T.);
#875 = LINE('',#876,#877);
#876 = CARTESIAN_POINT('',(-75.,-130.,10.));
#877 = VECTOR('',#878,1.);
#878 = DIRECTION('',(1.,0.,0.));
#879 = ORIENTED_EDGE('',*,*,#39,.F.);
#880 = PLANE('',#881);
#881 = AXIS2_PLACEMENT_3D('',#882,#883,#884);
#882 = CARTESIAN_POINT('',(0.,-130.,5.));
#883 = DIRECTION('',(-0.,-1.,-0.));
#884 = DIRECTION('',(0.,0.,-1.));
#885 = ADVANCED_FACE('',(#886,#916,#950,#984,#1018,#1029,#1040,#1059,
    #1087,#1098,#1109,#1120,#1131,#1142,#1153,#1164,#1175,#1186,#1197,
    #1208,#1219,#1230,#1241,#1252),#1263,.T.);
#886 = FACE_BOUND('',#887,.T.);
#887 = EDGE_LOOP('',(#888,#889,#890,#891,#892,#893,#894,#895,#896,#897,
    #898,#899,#900,#901,#902,#903,#904,#905,#906,#907,#908,#909,#910,
    #911,#912,#913,#914,#915));
#888 = ORIENTED_EDGE('',*,*,#47,.F.);
#889 = ORIENTED_EDGE('',*,*,#78,.F.);
#890 = ORIENTED_EDGE('',*,*,#109,.T.);
#891 = ORIENTED_EDGE('',*,*,#140,.T.);
#892 = ORIENTED_EDGE('',*,*,#171,.T.);
#893 = ORIENTED_EDGE('',*,*,#202,.T.);
#894 = ORIENTED_EDGE('',*,*,#233,.T.);
#895 = ORIENTED_EDGE('',*,*,#264,.T.);
#896 = ORIENTED_EDGE('',*,*,#295,.T.);
#897 = ORIENTED_EDGE('',*,*,#326,.F.);
#898 = ORIENTED_EDGE('',*,*,#357,.T.);
#899 = ORIENTED_EDGE('',*,*,#388,.T.);
#900 = ORIENTED_EDGE('',*,*,#419,.T.);
#901 = ORIENTED_EDGE('',*,*,#450,.T.);
#902 = ORIENTED_EDGE('',*,*,#481,.T.);
#903 = ORIENTED_EDGE('',*,*,#512,.T.);
#904 = ORIENTED_EDGE('',*,*,#543,.T.);
#905 = ORIENTED_EDGE('',*,*,#574,.F.);
#906 = ORIENTED_EDGE('',*,*,#605,.T.);
#907 = ORIENTED_EDGE('',*,*,#636,.T.);
#908 = ORIENTED_EDGE('',*,*,#667,.T.);
#909 = ORIENTED_EDGE('',*,*,#698,.T.);
#910 = ORIENTED_EDGE('',*,*,#729,.T.);
#911 = ORIENTED_EDGE('',*,*,#760,.T.);
#912 = ORIENTED_EDGE('',*,*,#791,.T.);
#913 = ORIENTED_EDGE('',*,*,#822,.F.);
#914 = ORIENTED_EDGE('',*,*,#853,.F.);
#915 = ORIENTED_EDGE('',*,*,#867,.F.);
#916 = FACE_BOUND('',#917,.T.);
#917 = EDGE_LOOP('',(#918,#928,#936,#944));
#918 = ORIENTED_EDGE('',*,*,#919,.T.);
#919 = EDGE_CURVE('',#920,#922,#924,.T.);
#920 = VERTEX_POINT('',#921);
#921 = CARTESIAN_POINT('',(-12.5,-65.,0.));
#922 = VERTEX_POINT('',#923);
#923 = CARTESIAN_POINT('',(12.5,-65.,0.));
#924 = LINE('',#925,#926);
#925 = CARTESIAN_POINT('',(-12.5,-65.,0.));
#926 = VECTOR('',#927,1.);
#927 = DIRECTION('',(1.,0.,0.));
#928 = ORIENTED_EDGE('',*,*,#929,.T.);
#929 = EDGE_CURVE('',#922,#930,#932,.T.);
#930 = VERTEX_POINT('',#931);
#931 = CARTESIAN_POINT('',(12.5,63.25,0.));
#932 = LINE('',#933,#934);
#933 = CARTESIAN_POINT('',(12.5,-65.,0.));
#934 = VECTOR('',#935,1.);
#935 = DIRECTION('',(0.,1.,0.));
#936 = ORIENTED_EDGE('',*,*,#937,.T.);
#937 = EDGE_CURVE('',#930,#938,#940,.T.);
#938 = VERTEX_POINT('',#939);
#939 = CARTESIAN_POINT('',(-12.5,63.25,0.));
#940 = LINE('',#941,#942);
#941 = CARTESIAN_POINT('',(12.5,63.25,0.));
#942 = VECTOR('',#943,1.);
#943 = DIRECTION('',(-1.,0.,0.));
#944 = ORIENTED_EDGE('',*,*,#945,.T.);
#945 = EDGE_CURVE('',#938,#920,#946,.T.);
#946 = LINE('',#947,#948);
#947 = CARTESIAN_POINT('',(-12.5,63.25,0.));
#948 = VECTOR('',#949,1.);
#949 = DIRECTION('',(0.,-1.,0.));
#950 = FACE_BOUND('',#951,.T.);
#951 = EDGE_LOOP('',(#952,#962,#970,#978));
#952 = ORIENTED_EDGE('',*,*,#953,.T.);
#953 = EDGE_CURVE('',#954,#956,#958,.T.);
#954 = VERTEX_POINT('',#955);
#955 = CARTESIAN_POINT('',(39.25,-59.,0.));
#956 = VERTEX_POINT('',#957);
#957 = CARTESIAN_POINT('',(39.25,-51.,0.));
#958 = LINE('',#959,#960);
#959 = CARTESIAN_POINT('',(39.25,-59.,0.));
#960 = VECTOR('',#961,1.);
#961 = DIRECTION('',(0.,1.,0.));
#962 = ORIENTED_EDGE('',*,*,#963,.T.);
#963 = EDGE_CURVE('',#956,#964,#966,.T.);
#964 = VERTEX_POINT('',#965);
#965 = CARTESIAN_POINT('',(25.75,-51.,0.));
#966 = LINE('',#967,#968);
#967 = CARTESIAN_POINT('',(39.25,-51.,0.));
#968 = VECTOR('',#969,1.);
#969 = DIRECTION('',(-1.,0.,0.));
#970 = ORIENTED_EDGE('',*,*,#971,.T.);
#971 = EDGE_CURVE('',#964,#972,#974,.T.);
#972 = VERTEX_POINT('',#973);
#973 = CARTESIAN_POINT('',(25.75,-59.,0.));
#974 = LINE('',#975,#976);
#975 = CARTESIAN_POINT('',(25.75,-51.,0.));
#976 = VECTOR('',#977,1.);
#977 = DIRECTION('',(0.,-1.,0.));
#978 = ORIENTED_EDGE('',*,*,#979,.T.);
#979 = EDGE_CURVE('',#972,#954,#980,.T.);
#980 = LINE('',#981,#982);
#981 = CARTESIAN_POINT('',(25.75,-59.,0.));
#982 = VECTOR('',#983,1.);
#983 = DIRECTION('',(1.,0.,0.));
#984 = FACE_BOUND('',#985,.T.);
#985 = EDGE_LOOP('',(#986,#996,#1004,#1012));
#986 = ORIENTED_EDGE('',*,*,#987,.T.);
#987 = EDGE_CURVE('',#988,#990,#992,.T.);
#988 = VERTEX_POINT('',#989);
#989 = CARTESIAN_POINT('',(-25.75,-59.,0.));
#990 = VERTEX_POINT('',#991);
#991 = CARTESIAN_POINT('',(-25.75,-51.,0.));
#992 = LINE('',#993,#994);
#993 = CARTESIAN_POINT('',(-25.75,-59.,0.));
#994 = VECTOR('',#995,1.);
#995 = DIRECTION('',(0.,1.,0.));
#996 = ORIENTED_EDGE('',*,*,#997,.T.);
#997 = EDGE_CURVE('',#990,#998,#1000,.T.);
#998 = VERTEX_POINT('',#999);
#999 = CARTESIAN_POINT('',(-39.25,-51.,0.));
#1000 = LINE('',#1001,#1002);
#1001 = CARTESIAN_POINT('',(-25.75,-51.,0.));
#1002 = VECTOR('',#1003,1.);
#1003 = DIRECTION('',(-1.,0.,0.));
#1004 = ORIENTED_EDGE('',*,*,#1005,.T.);
#1005 = EDGE_CURVE('',#998,#1006,#1008,.T.);
#1006 = VERTEX_POINT('',#1007);
#1007 = CARTESIAN_POINT('',(-39.25,-59.,0.));
#1008 = LINE('',#1009,#1010);
#1009 = CARTESIAN_POINT('',(-39.25,-51.,0.));
#1010 = VECTOR('',#1011,1.);
#1011 = DIRECTION('',(0.,-1.,0.));
#1012 = ORIENTED_EDGE('',*,*,#1013,.T.);
#1013 = EDGE_CURVE('',#1006,#988,#1014,.T.);
#1014 = LINE('',#1015,#1016);
#1015 = CARTESIAN_POINT('',(-39.25,-59.,0.));
#1016 = VECTOR('',#1017,1.);
#1017 = DIRECTION('',(1.,0.,0.));
#1018 = FACE_BOUND('',#1019,.T.);
#1019 = EDGE_LOOP('',(#1020));
#1020 = ORIENTED_EDGE('',*,*,#1021,.T.);
#1021 = EDGE_CURVE('',#1022,#1022,#1024,.T.);
#1022 = VERTEX_POINT('',#1023);
#1023 = CARTESIAN_POINT('',(-50.5,-115.,0.));
#1024 = CIRCLE('',#1025,4.5);
#1025 = AXIS2_PLACEMENT_3D('',#1026,#1027,#1028);
#1026 = CARTESIAN_POINT('',(-55.,-115.,0.));
#1027 = DIRECTION('',(0.,0.,1.));
#1028 = DIRECTION('',(1.,0.,0.));
#1029 = FACE_BOUND('',#1030,.T.);
#1030 = EDGE_LOOP('',(#1031));
#1031 = ORIENTED_EDGE('',*,*,#1032,.T.);
#1032 = EDGE_CURVE('',#1033,#1033,#1035,.T.);
#1033 = VERTEX_POINT('',#1034);
#1034 = CARTESIAN_POINT('',(59.5,-115.,0.));
#1035 = CIRCLE('',#1036,4.5);
#1036 = AXIS2_PLACEMENT_3D('',#1037,#1038,#1039);
#1037 = CARTESIAN_POINT('',(55.,-115.,0.));
#1038 = DIRECTION('',(0.,0.,1.));
#1039 = DIRECTION('',(1.,0.,0.));
#1040 = FACE_BOUND('',#1041,.T.);
#1041 = EDGE_LOOP('',(#1042,#1053));
#1042 = ORIENTED_EDGE('',*,*,#1043,.T.);
#1043 = EDGE_CURVE('',#1044,#1046,#1048,.T.);
#1044 = VERTEX_POINT('',#1045);
#1045 = CARTESIAN_POINT('',(-37.,-110.9688711258,0.));
#1046 = VERTEX_POINT('',#1047);
#1047 = CARTESIAN_POINT('',(-37.,-119.0311288741,0.));
#1048 = CIRCLE('',#1049,4.5);
#1049 = AXIS2_PLACEMENT_3D('',#1050,#1051,#1052);
#1050 = CARTESIAN_POINT('',(-35.,-115.,0.));
#1051 = DIRECTION('',(0.,0.,1.));
#1052 = DIRECTION('',(1.,0.,0.));
#1053 = ORIENTED_EDGE('',*,*,#1054,.F.);
#1054 = EDGE_CURVE('',#1044,#1046,#1055,.T.);
#1055 = LINE('',#1056,#1057);
#1056 = CARTESIAN_POINT('',(-37.,-59.,0.));
#1057 = VECTOR('',#1058,1.);
#1058 = DIRECTION('',(0.,-1.,0.));
#1059 = FACE_BOUND('',#1060,.T.);
#1060 = EDGE_LOOP('',(#1061,#1072,#1081));
#1061 = ORIENTED_EDGE('',*,*,#1062,.T.);
#1062 = EDGE_CURVE('',#1063,#1065,#1067,.T.);
#1063 = VERTEX_POINT('',#1064);
#1064 = CARTESIAN_POINT('',(37.,-119.0311288741,0.));
#1065 = VERTEX_POINT('',#1066);
#1066 = CARTESIAN_POINT('',(39.5,-115.,0.));
#1067 = CIRCLE('',#1068,4.5);
#1068 = AXIS2_PLACEMENT_3D('',#1069,#1070,#1071);
#1069 = CARTESIAN_POINT('',(35.,-115.,0.));
#1070 = DIRECTION('',(0.,0.,1.));
#1071 = DIRECTION('',(1.,0.,0.));
#1072 = ORIENTED_EDGE('',*,*,#1073,.T.);
#1073 = EDGE_CURVE('',#1065,#1074,#1076,.T.);
#1074 = VERTEX_POINT('',#1075);
#1075 = CARTESIAN_POINT('',(37.,-110.9688711258,0.));
#1076 = CIRCLE('',#1077,4.5);
#1077 = AXIS2_PLACEMENT_3D('',#1078,#1079,#1080);
#1078 = CARTESIAN_POINT('',(35.,-115.,0.));
#1079 = DIRECTION('',(0.,0.,1.));
#1080 = DIRECTION('',(1.,0.,0.));
#1081 = ORIENTED_EDGE('',*,*,#1082,.F.);
#1082 = EDGE_CURVE('',#1063,#1074,#1083,.T.);
#1083 = LINE('',#1084,#1085);
#1084 = CARTESIAN_POINT('',(37.,-130.,0.));
#1085 = VECTOR('',#1086,1.);
#1086 = DIRECTION('',(0.,1.,0.));
#1087 = FACE_BOUND('',#1088,.T.);
#1088 = EDGE_LOOP('',(#1089));
#1089 = ORIENTED_EDGE('',*,*,#1090,.T.);
#1090 = EDGE_CURVE('',#1091,#1091,#1093,.T.);
#1091 = VERTEX_POINT('',#1092);
#1092 = CARTESIAN_POINT('',(44.25,65.,0.));
#1093 = CIRCLE('',#1094,1.75);
#1094 = AXIS2_PLACEMENT_3D('',#1095,#1096,#1097);
#1095 = CARTESIAN_POINT('',(42.5,65.,0.));
#1096 = DIRECTION('',(0.,0.,1.));
#1097 = DIRECTION('',(1.,0.,0.));
#1098 = FACE_BOUND('',#1099,.T.);
#1099 = EDGE_LOOP('',(#1100));
#1100 = ORIENTED_EDGE('',*,*,#1101,.T.);
#1101 = EDGE_CURVE('',#1102,#1102,#1104,.T.);
#1102 = VERTEX_POINT('',#1103);
#1103 = CARTESIAN_POINT('',(44.25,45.,0.));
#1104 = CIRCLE('',#1105,1.75);
#1105 = AXIS2_PLACEMENT_3D('',#1106,#1107,#1108);
#1106 = CARTESIAN_POINT('',(42.5,45.,0.));
#1107 = DIRECTION('',(0.,0.,1.));
#1108 = DIRECTION('',(1.,0.,0.));
#1109 = FACE_BOUND('',#1110,.T.);
#1110 = EDGE_LOOP('',(#1111));
#1111 = ORIENTED_EDGE('',*,*,#1112,.T.);
#1112 = EDGE_CURVE('',#1113,#1113,#1115,.T.);
#1113 = VERTEX_POINT('',#1114);
#1114 = CARTESIAN_POINT('',(24.25,65.,0.));
#1115 = CIRCLE('',#1116,1.75);
#1116 = AXIS2_PLACEMENT_3D('',#1117,#1118,#1119);
#1117 = CARTESIAN_POINT('',(22.5,65.,0.));
#1118 = DIRECTION('',(0.,0.,1.));
#1119 = DIRECTION('',(1.,0.,0.));
#1120 = FACE_BOUND('',#1121,.T.);
#1121 = EDGE_LOOP('',(#1122));
#1122 = ORIENTED_EDGE('',*,*,#1123,.T.);
#1123 = EDGE_CURVE('',#1124,#1124,#1126,.T.);
#1124 = VERTEX_POINT('',#1125);
#1125 = CARTESIAN_POINT('',(24.25,45.,0.));
#1126 = CIRCLE('',#1127,1.75);
#1127 = AXIS2_PLACEMENT_3D('',#1128,#1129,#1130);
#1128 = CARTESIAN_POINT('',(22.5,45.,0.));
#1129 = DIRECTION('',(0.,0.,1.));
#1130 = DIRECTION('',(1.,0.,0.));
#1131 = FACE_BOUND('',#1132,.T.);
#1132 = EDGE_LOOP('',(#1133));
#1133 = ORIENTED_EDGE('',*,*,#1134,.T.);
#1134 = EDGE_CURVE('',#1135,#1135,#1137,.T.);
#1135 = VERTEX_POINT('',#1136);
#1136 = CARTESIAN_POINT('',(-20.75,65.,0.));
#1137 = CIRCLE('',#1138,1.75);
#1138 = AXIS2_PLACEMENT_3D('',#1139,#1140,#1141);
#1139 = CARTESIAN_POINT('',(-22.5,65.,0.));
#1140 = DIRECTION('',(0.,0.,1.));
#1141 = DIRECTION('',(1.,0.,0.));
#1142 = FACE_BOUND('',#1143,.T.);
#1143 = EDGE_LOOP('',(#1144));
#1144 = ORIENTED_EDGE('',*,*,#1145,.T.);
#1145 = EDGE_CURVE('',#1146,#1146,#1148,.T.);
#1146 = VERTEX_POINT('',#1147);
#1147 = CARTESIAN_POINT('',(-20.75,45.,0.));
#1148 = CIRCLE('',#1149,1.75);
#1149 = AXIS2_PLACEMENT_3D('',#1150,#1151,#1152);
#1150 = CARTESIAN_POINT('',(-22.5,45.,0.));
#1151 = DIRECTION('',(0.,0.,1.));
#1152 = DIRECTION('',(1.,0.,0.));
#1153 = FACE_BOUND('',#1154,.T.);
#1154 = EDGE_LOOP('',(#1155));
#1155 = ORIENTED_EDGE('',*,*,#1156,.T.);
#1156 = EDGE_CURVE('',#1157,#1157,#1159,.T.);
#1157 = VERTEX_POINT('',#1158);
#1158 = CARTESIAN_POINT('',(-40.75,65.,0.));
#1159 = CIRCLE('',#1160,1.75);
#1160 = AXIS2_PLACEMENT_3D('',#1161,#1162,#1163);
#1161 = CARTESIAN_POINT('',(-42.5,65.,0.));
#1162 = DIRECTION('',(0.,0.,1.));
#1163 = DIRECTION('',(1.,0.,0.));
#1164 = FACE_BOUND('',#1165,.T.);
#1165 = EDGE_LOOP('',(#1166));
#1166 = ORIENTED_EDGE('',*,*,#1167,.T.);
#1167 = EDGE_CURVE('',#1168,#1168,#1170,.T.);
#1168 = VERTEX_POINT('',#1169);
#1169 = CARTESIAN_POINT('',(-40.75,45.,0.));
#1170 = CIRCLE('',#1171,1.75);
#1171 = AXIS2_PLACEMENT_3D('',#1172,#1173,#1174);
#1172 = CARTESIAN_POINT('',(-42.5,45.,0.));
#1173 = DIRECTION('',(0.,0.,1.));
#1174 = DIRECTION('',(1.,0.,0.));
#1175 = FACE_BOUND('',#1176,.T.);
#1176 = EDGE_LOOP('',(#1177));
#1177 = ORIENTED_EDGE('',*,*,#1178,.T.);
#1178 = EDGE_CURVE('',#1179,#1179,#1181,.T.);
#1179 = VERTEX_POINT('',#1180);
#1180 = CARTESIAN_POINT('',(44.25,-45.,0.));
#1181 = CIRCLE('',#1182,1.75);
#1182 = AXIS2_PLACEMENT_3D('',#1183,#1184,#1185);
#1183 = CARTESIAN_POINT('',(42.5,-45.,0.));
#1184 = DIRECTION('',(0.,0.,1.));
#1185 = DIRECTION('',(1.,0.,0.));
#1186 = FACE_BOUND('',#1187,.T.);
#1187 = EDGE_LOOP('',(#1188));
#1188 = ORIENTED_EDGE('',*,*,#1189,.T.);
#1189 = EDGE_CURVE('',#1190,#1190,#1192,.T.);
#1190 = VERTEX_POINT('',#1191);
#1191 = CARTESIAN_POINT('',(44.25,-65.,0.));
#1192 = CIRCLE('',#1193,1.75);
#1193 = AXIS2_PLACEMENT_3D('',#1194,#1195,#1196);
#1194 = CARTESIAN_POINT('',(42.5,-65.,0.));
#1195 = DIRECTION('',(0.,0.,1.));
#1196 = DIRECTION('',(1.,0.,0.));
#1197 = FACE_BOUND('',#1198,.T.);
#1198 = EDGE_LOOP('',(#1199));
#1199 = ORIENTED_EDGE('',*,*,#1200,.T.);
#1200 = EDGE_CURVE('',#1201,#1201,#1203,.T.);
#1201 = VERTEX_POINT('',#1202);
#1202 = CARTESIAN_POINT('',(24.25,-45.,0.));
#1203 = CIRCLE('',#1204,1.75);
#1204 = AXIS2_PLACEMENT_3D('',#1205,#1206,#1207);
#1205 = CARTESIAN_POINT('',(22.5,-45.,0.));
#1206 = DIRECTION('',(0.,0.,1.));
#1207 = DIRECTION('',(1.,0.,0.));
#1208 = FACE_BOUND('',#1209,.T.);
#1209 = EDGE_LOOP('',(#1210));
#1210 = ORIENTED_EDGE('',*,*,#1211,.T.);
#1211 = EDGE_CURVE('',#1212,#1212,#1214,.T.);
#1212 = VERTEX_POINT('',#1213);
#1213 = CARTESIAN_POINT('',(24.25,-65.,0.));
#1214 = CIRCLE('',#1215,1.75);
#1215 = AXIS2_PLACEMENT_3D('',#1216,#1217,#1218);
#1216 = CARTESIAN_POINT('',(22.5,-65.,0.));
#1217 = DIRECTION('',(0.,0.,1.));
#1218 = DIRECTION('',(1.,0.,0.));
#1219 = FACE_BOUND('',#1220,.T.);
#1220 = EDGE_LOOP('',(#1221));
#1221 = ORIENTED_EDGE('',*,*,#1222,.T.);
#1222 = EDGE_CURVE('',#1223,#1223,#1225,.T.);
#1223 = VERTEX_POINT('',#1224);
#1224 = CARTESIAN_POINT('',(-20.75,-45.,0.));
#1225 = CIRCLE('',#1226,1.75);
#1226 = AXIS2_PLACEMENT_3D('',#1227,#1228,#1229);
#1227 = CARTESIAN_POINT('',(-22.5,-45.,0.));
#1228 = DIRECTION('',(0.,0.,1.));
#1229 = DIRECTION('',(1.,0.,0.));
#1230 = FACE_BOUND('',#1231,.T.);
#1231 = EDGE_LOOP('',(#1232));
#1232 = ORIENTED_EDGE('',*,*,#1233,.T.);
#1233 = EDGE_CURVE('',#1234,#1234,#1236,.T.);
#1234 = VERTEX_POINT('',#1235);
#1235 = CARTESIAN_POINT('',(-20.75,-65.,0.));
#1236 = CIRCLE('',#1237,1.75);
#1237 = AXIS2_PLACEMENT_3D('',#1238,#1239,#1240);
#1238 = CARTESIAN_POINT('',(-22.5,-65.,0.));
#1239 = DIRECTION('',(0.,0.,1.));
#1240 = DIRECTION('',(1.,0.,0.));
#1241 = FACE_BOUND('',#1242,.T.);
#1242 = EDGE_LOOP('',(#1243));
#1243 = ORIENTED_EDGE('',*,*,#1244,.T.);
#1244 = EDGE_CURVE('',#1245,#1245,#1247,.T.);
#1245 = VERTEX_POINT('',#1246);
#1246 = CARTESIAN_POINT('',(-40.75,-45.,0.));
#1247 = CIRCLE('',#1248,1.75);
#1248 = AXIS2_PLACEMENT_3D('',#1249,#1250,#1251);
#1249 = CARTESIAN_POINT('',(-42.5,-45.,0.));
#1250 = DIRECTION('',(0.,0.,1.));
#1251 = DIRECTION('',(1.,0.,0.));
#1252 = FACE_BOUND('',#1253,.T.);
#1253 = EDGE_LOOP('',(#1254));
#1254 = ORIENTED_EDGE('',*,*,#1255,.T.);
#1255 = EDGE_CURVE('',#1256,#1256,#1258,.T.);
#1256 = VERTEX_POINT('',#1257);
#1257 = CARTESIAN_POINT('',(-40.75,-65.,0.));
#1258 = CIRCLE('',#1259,1.75);
#1259 = AXIS2_PLACEMENT_3D('',#1260,#1261,#1262);
#1260 = CARTESIAN_POINT('',(-42.5,-65.,0.));
#1261 = DIRECTION('',(0.,0.,1.));
#1262 = DIRECTION('',(1.,0.,0.));
#1263 = PLANE('',#1264);
#1264 = AXIS2_PLACEMENT_3D('',#1265,#1266,#1267);
#1265 = CARTESIAN_POINT('',(0.,5.098855359001E-02,0.));
#1266 = DIRECTION('',(-0.,-0.,-1.));
#1267 = DIRECTION('',(-1.,0.,0.));
#1268 = ADVANCED_FACE('',(#1269),#1294,.T.);
#1269 = FACE_BOUND('',#1270,.T.);
#1270 = EDGE_LOOP('',(#1271,#1279,#1287,#1293));
#1271 = ORIENTED_EDGE('',*,*,#1272,.T.);
#1272 = EDGE_CURVE('',#920,#1273,#1275,.T.);
#1273 = VERTEX_POINT('',#1274);
#1274 = CARTESIAN_POINT('',(-12.5,-65.,10.));
#1275 = LINE('',#1276,#1277);
#1276 = CARTESIAN_POINT('',(-12.5,-65.,0.));
#1277 = VECTOR('',#1278,1.);
#1278 = DIRECTION('',(0.,0.,1.));
#1279 = ORIENTED_EDGE('',*,*,#1280,.T.);
#1280 = EDGE_CURVE('',#1273,#1281,#1283,.T.);
#1281 = VERTEX_POINT('',#1282);
#1282 = CARTESIAN_POINT('',(12.5,-65.,10.));
#1283 = LINE('',#1284,#1285);
#1284 = CARTESIAN_POINT('',(-12.5,-65.,10.));
#1285 = VECTOR('',#1286,1.);
#1286 = DIRECTION('',(1.,0.,0.));
#1287 = ORIENTED_EDGE('',*,*,#1288,.F.);
#1288 = EDGE_CURVE('',#922,#1281,#1289,.T.);
#1289 = LINE('',#1290,#1291);
#1290 = CARTESIAN_POINT('',(12.5,-65.,0.));
#1291 = VECTOR('',#1292,1.);
#1292 = DIRECTION('',(0.,0.,1.));
#1293 = ORIENTED_EDGE('',*,*,#919,.F.);
#1294 = PLANE('',#1295);
#1295 = AXIS2_PLACEMENT_3D('',#1296,#1297,#1298);
#1296 = CARTESIAN_POINT('',(-12.5,-65.,0.));
#1297 = DIRECTION('',(0.,1.,0.));
#1298 = DIRECTION('',(1.,0.,0.));
#1299 = ADVANCED_FACE('',(#1300),#1318,.T.);
#1300 = FACE_BOUND('',#1301,.T.);
#1301 = EDGE_LOOP('',(#1302,#1310,#1316,#1317));
#1302 = ORIENTED_EDGE('',*,*,#1303,.T.);
#1303 = EDGE_CURVE('',#938,#1304,#1306,.T.);
#1304 = VERTEX_POINT('',#1305);
#1305 = CARTESIAN_POINT('',(-12.5,63.25,10.));
#1306 = LINE('',#1307,#1308);
#1307 = CARTESIAN_POINT('',(-12.5,63.25,0.));
#1308 = VECTOR('',#1309,1.);
#1309 = DIRECTION('',(0.,0.,1.));
#1310 = ORIENTED_EDGE('',*,*,#1311,.T.);
#1311 = EDGE_CURVE('',#1304,#1273,#1312,.T.);
#1312 = LINE('',#1313,#1314);
#1313 = CARTESIAN_POINT('',(-12.5,63.25,10.));
#1314 = VECTOR('',#1315,1.);
#1315 = DIRECTION('',(0.,-1.,0.));
#1316 = ORIENTED_EDGE('',*,*,#1272,.F.);
#1317 = ORIENTED_EDGE('',*,*,#945,.F.);
#1318 = PLANE('',#1319);
#1319 = AXIS2_PLACEMENT_3D('',#1320,#1321,#1322);
#1320 = CARTESIAN_POINT('',(-12.5,63.25,0.));
#1321 = DIRECTION('',(1.,0.,0.));
#1322 = DIRECTION('',(0.,-1.,0.));
#1323 = ADVANCED_FACE('',(#1324),#1342,.T.);
#1324 = FACE_BOUND('',#1325,.T.);
#1325 = EDGE_LOOP('',(#1326,#1327,#1335,#1341));
#1326 = ORIENTED_EDGE('',*,*,#1288,.T.);
#1327 = ORIENTED_EDGE('',*,*,#1328,.T.);
#1328 = EDGE_CURVE('',#1281,#1329,#1331,.T.);
#1329 = VERTEX_POINT('',#1330);
#1330 = CARTESIAN_POINT('',(12.5,63.25,10.));
#1331 = LINE('',#1332,#1333);
#1332 = CARTESIAN_POINT('',(12.5,-65.,10.));
#1333 = VECTOR('',#1334,1.);
#1334 = DIRECTION('',(0.,1.,0.));
#1335 = ORIENTED_EDGE('',*,*,#1336,.F.);
#1336 = EDGE_CURVE('',#930,#1329,#1337,.T.);
#1337 = LINE('',#1338,#1339);
#1338 = CARTESIAN_POINT('',(12.5,63.25,0.));
#1339 = VECTOR('',#1340,1.);
#1340 = DIRECTION('',(0.,0.,1.));
#1341 = ORIENTED_EDGE('',*,*,#929,.F.);
#1342 = PLANE('',#1343);
#1343 = AXIS2_PLACEMENT_3D('',#1344,#1345,#1346);
#1344 = CARTESIAN_POINT('',(12.5,-65.,0.));
#1345 = DIRECTION('',(-1.,0.,0.));
#1346 = DIRECTION('',(0.,1.,0.));
#1347 = ADVANCED_FACE('',(#1348),#1359,.T.);
#1348 = FACE_BOUND('',#1349,.T.);
#1349 = EDGE_LOOP('',(#1350,#1351,#1357,#1358));
#1350 = ORIENTED_EDGE('',*,*,#1336,.T.);
#1351 = ORIENTED_EDGE('',*,*,#1352,.T.);
#1352 = EDGE_CURVE('',#1329,#1304,#1353,.T.);
#1353 = LINE('',#1354,#1355);
#1354 = CARTESIAN_POINT('',(12.5,63.25,10.));
#1355 = VECTOR('',#1356,1.);
#1356 = DIRECTION('',(-1.,0.,0.));
#1357 = ORIENTED_EDGE('',*,*,#1303,.F.);
#1358 = ORIENTED_EDGE('',*,*,#937,.F.);
#1359 = PLANE('',#1360);
#1360 = AXIS2_PLACEMENT_3D('',#1361,#1362,#1363);
#1361 = CARTESIAN_POINT('',(12.5,63.25,0.));
#1362 = DIRECTION('',(0.,-1.,0.));
#1363 = DIRECTION('',(-1.,0.,0.));
#1364 = ADVANCED_FACE('',(#1365),#1390,.T.);
#1365 = FACE_BOUND('',#1366,.T.);
#1366 = EDGE_LOOP('',(#1367,#1375,#1383,#1389));
#1367 = ORIENTED_EDGE('',*,*,#1368,.T.);
#1368 = EDGE_CURVE('',#954,#1369,#1371,.T.);
#1369 = VERTEX_POINT('',#1370);
#1370 = CARTESIAN_POINT('',(39.25,-59.,10.));
#1371 = LINE('',#1372,#1373);
#1372 = CARTESIAN_POINT('',(39.25,-59.,0.));
#1373 = VECTOR('',#1374,1.);
#1374 = DIRECTION('',(0.,0.,1.));
#1375 = ORIENTED_EDGE('',*,*,#1376,.T.);
#1376 = EDGE_CURVE('',#1369,#1377,#1379,.T.);
#1377 = VERTEX_POINT('',#1378);
#1378 = CARTESIAN_POINT('',(39.25,-51.,10.));
#1379 = LINE('',#1380,#1381);
#1380 = CARTESIAN_POINT('',(39.25,-59.,10.));
#1381 = VECTOR('',#1382,1.);
#1382 = DIRECTION('',(0.,1.,0.));
#1383 = ORIENTED_EDGE('',*,*,#1384,.F.);
#1384 = EDGE_CURVE('',#956,#1377,#1385,.T.);
#1385 = LINE('',#1386,#1387);
#1386 = CARTESIAN_POINT('',(39.25,-51.,0.));
#1387 = VECTOR('',#1388,1.);
#1388 = DIRECTION('',(0.,0.,1.));
#1389 = ORIENTED_EDGE('',*,*,#953,.F.);
#1390 = PLANE('',#1391);
#1391 = AXIS2_PLACEMENT_3D('',#1392,#1393,#1394);
#1392 = CARTESIAN_POINT('',(39.25,-59.,0.));
#1393 = DIRECTION('',(-1.,0.,0.));
#1394 = DIRECTION('',(0.,1.,0.));
#1395 = ADVANCED_FACE('',(#1396),#1414,.T.);
#1396 = FACE_BOUND('',#1397,.T.);
#1397 = EDGE_LOOP('',(#1398,#1399,#1407,#1413));
#1398 = ORIENTED_EDGE('',*,*,#1384,.T.);
#1399 = ORIENTED_EDGE('',*,*,#1400,.T.);
#1400 = EDGE_CURVE('',#1377,#1401,#1403,.T.);
#1401 = VERTEX_POINT('',#1402);
#1402 = CARTESIAN_POINT('',(25.75,-51.,10.));
#1403 = LINE('',#1404,#1405);
#1404 = CARTESIAN_POINT('',(39.25,-51.,10.));
#1405 = VECTOR('',#1406,1.);
#1406 = DIRECTION('',(-1.,0.,0.));
#1407 = ORIENTED_EDGE('',*,*,#1408,.F.);
#1408 = EDGE_CURVE('',#964,#1401,#1409,.T.);
#1409 = LINE('',#1410,#1411);
#1410 = CARTESIAN_POINT('',(25.75,-51.,0.));
#1411 = VECTOR('',#1412,1.);
#1412 = DIRECTION('',(0.,0.,1.));
#1413 = ORIENTED_EDGE('',*,*,#963,.F.);
#1414 = PLANE('',#1415);
#1415 = AXIS2_PLACEMENT_3D('',#1416,#1417,#1418);
#1416 = CARTESIAN_POINT('',(39.25,-51.,0.));
#1417 = DIRECTION('',(0.,-1.,0.));
#1418 = DIRECTION('',(-1.,0.,0.));
#1419 = ADVANCED_FACE('',(#1420),#1438,.T.);
#1420 = FACE_BOUND('',#1421,.T.);
#1421 = EDGE_LOOP('',(#1422,#1423,#1431,#1437));
#1422 = ORIENTED_EDGE('',*,*,#1408,.T.);
#1423 = ORIENTED_EDGE('',*,*,#1424,.T.);
#1424 = EDGE_CURVE('',#1401,#1425,#1427,.T.);
#1425 = VERTEX_POINT('',#1426);
#1426 = CARTESIAN_POINT('',(25.75,-59.,10.));
#1427 = LINE('',#1428,#1429);
#1428 = CARTESIAN_POINT('',(25.75,-51.,10.));
#1429 = VECTOR('',#1430,1.);
#1430 = DIRECTION('',(0.,-1.,0.));
#1431 = ORIENTED_EDGE('',*,*,#1432,.F.);
#1432 = EDGE_CURVE('',#972,#1425,#1433,.T.);
#1433 = LINE('',#1434,#1435);
#1434 = CARTESIAN_POINT('',(25.75,-59.,0.));
#1435 = VECTOR('',#1436,1.);
#1436 = DIRECTION('',(0.,0.,1.));
#1437 = ORIENTED_EDGE('',*,*,#971,.F.);
#1438 = PLANE('',#1439);
#1439 = AXIS2_PLACEMENT_3D('',#1440,#1441,#1442);
#1440 = CARTESIAN_POINT('',(25.75,-51.,0.));
#1441 = DIRECTION('',(1.,0.,0.));
#1442 = DIRECTION('',(0.,-1.,0.));
#1443 = ADVANCED_FACE('',(#1444),#1469,.T.);
#1444 = FACE_BOUND('',#1445,.T.);
#1445 = EDGE_LOOP('',(#1446,#1454,#1462,#1468));
#1446 = ORIENTED_EDGE('',*,*,#1447,.T.);
#1447 = EDGE_CURVE('',#988,#1448,#1450,.T.);
#1448 = VERTEX_POINT('',#1449);
#1449 = CARTESIAN_POINT('',(-25.75,-59.,10.));
#1450 = LINE('',#1451,#1452);
#1451 = CARTESIAN_POINT('',(-25.75,-59.,0.));
#1452 = VECTOR('',#1453,1.);
#1453 = DIRECTION('',(0.,0.,1.));
#1454 = ORIENTED_EDGE('',*,*,#1455,.T.);
#1455 = EDGE_CURVE('',#1448,#1456,#1458,.T.);
#1456 = VERTEX_POINT('',#1457);
#1457 = CARTESIAN_POINT('',(-25.75,-51.,10.));
#1458 = LINE('',#1459,#1460);
#1459 = CARTESIAN_POINT('',(-25.75,-59.,10.));
#1460 = VECTOR('',#1461,1.);
#1461 = DIRECTION('',(0.,1.,0.));
#1462 = ORIENTED_EDGE('',*,*,#1463,.F.);
#1463 = EDGE_CURVE('',#990,#1456,#1464,.T.);
#1464 = LINE('',#1465,#1466);
#1465 = CARTESIAN_POINT('',(-25.75,-51.,0.));
#1466 = VECTOR('',#1467,1.);
#1467 = DIRECTION('',(0.,0.,1.));
#1468 = ORIENTED_EDGE('',*,*,#987,.F.);
#1469 = PLANE('',#1470);
#1470 = AXIS2_PLACEMENT_3D('',#1471,#1472,#1473);
#1471 = CARTESIAN_POINT('',(-25.75,-59.,0.));
#1472 = DIRECTION('',(-1.,0.,0.));
#1473 = DIRECTION('',(0.,1.,0.));
#1474 = ADVANCED_FACE('',(#1475),#1493,.T.);
#1475 = FACE_BOUND('',#1476,.T.);
#1476 = EDGE_LOOP('',(#1477,#1478,#1486,#1492));
#1477 = ORIENTED_EDGE('',*,*,#1463,.T.);
#1478 = ORIENTED_EDGE('',*,*,#1479,.T.);
#1479 = EDGE_CURVE('',#1456,#1480,#1482,.T.);
#1480 = VERTEX_POINT('',#1481);
#1481 = CARTESIAN_POINT('',(-39.25,-51.,10.));
#1482 = LINE('',#1483,#1484);
#1483 = CARTESIAN_POINT('',(-25.75,-51.,10.));
#1484 = VECTOR('',#1485,1.);
#1485 = DIRECTION('',(-1.,0.,0.));
#1486 = ORIENTED_EDGE('',*,*,#1487,.F.);
#1487 = EDGE_CURVE('',#998,#1480,#1488,.T.);
#1488 = LINE('',#1489,#1490);
#1489 = CARTESIAN_POINT('',(-39.25,-51.,0.));
#1490 = VECTOR('',#1491,1.);
#1491 = DIRECTION('',(0.,0.,1.));
#1492 = ORIENTED_EDGE('',*,*,#997,.F.);
#1493 = PLANE('',#1494);
#1494 = AXIS2_PLACEMENT_3D('',#1495,#1496,#1497);
#1495 = CARTESIAN_POINT('',(-25.75,-51.,0.));
#1496 = DIRECTION('',(0.,-1.,0.));
#1497 = DIRECTION('',(-1.,0.,0.));
#1498 = ADVANCED_FACE('',(#1499),#1517,.T.);
#1499 = FACE_BOUND('',#1500,.T.);
#1500 = EDGE_LOOP('',(#1501,#1502,#1510,#1516));
#1501 = ORIENTED_EDGE('',*,*,#1487,.T.);
#1502 = ORIENTED_EDGE('',*,*,#1503,.T.);
#1503 = EDGE_CURVE('',#1480,#1504,#1506,.T.);
#1504 = VERTEX_POINT('',#1505);
#1505 = CARTESIAN_POINT('',(-39.25,-59.,10.));
#1506 = LINE('',#1507,#1508);
#1507 = CARTESIAN_POINT('',(-39.25,-51.,10.));
#1508 = VECTOR('',#1509,1.);
#1509 = DIRECTION('',(0.,-1.,0.));
#1510 = ORIENTED_EDGE('',*,*,#1511,.F.);
#1511 = EDGE_CURVE('',#1006,#1504,#1512,.T.);
#1512 = LINE('',#1513,#1514);
#1513 = CARTESIAN_POINT('',(-39.25,-59.,0.));
#1514 = VECTOR('',#1515,1.);
#1515 = DIRECTION('',(0.,0.,1.));
#1516 = ORIENTED_EDGE('',*,*,#1005,.F.);
#1517 = PLANE('',#1518);
#1518 = AXIS2_PLACEMENT_3D('',#1519,#1520,#1521);
#1519 = CARTESIAN_POINT('',(-39.25,-51.,0.));
#1520 = DIRECTION('',(1.,0.,0.));
#1521 = DIRECTION('',(0.,-1.,0.));
#1522 = ADVANCED_FACE('',(#1523),#1542,.F.);
#1523 = FACE_BOUND('',#1524,.T.);
#1524 = EDGE_LOOP('',(#1525,#1533,#1540,#1541));
#1525 = ORIENTED_EDGE('',*,*,#1526,.T.);
#1526 = EDGE_CURVE('',#1022,#1527,#1529,.T.);
#1527 = VERTEX_POINT('',#1528);
#1528 = CARTESIAN_POINT('',(-50.5,-115.,10.));
#1529 = LINE('',#1530,#1531);
#1530 = CARTESIAN_POINT('',(-50.5,-115.,0.));
#1531 = VECTOR('',#1532,1.);
#1532 = DIRECTION('',(0.,0.,1.));
#1533 = ORIENTED_EDGE('',*,*,#1534,.T.);
#1534 = EDGE_CURVE('',#1527,#1527,#1535,.T.);
#1535 = CIRCLE('',#1536,4.5);
#1536 = AXIS2_PLACEMENT_3D('',#1537,#1538,#1539);
#1537 = CARTESIAN_POINT('',(-55.,-115.,10.));
#1538 = DIRECTION('',(0.,0.,1.));
#1539 = DIRECTION('',(1.,0.,0.));
#1540 = ORIENTED_EDGE('',*,*,#1526,.F.);
#1541 = ORIENTED_EDGE('',*,*,#1021,.F.);
#1542 = CYLINDRICAL_SURFACE('',#1543,4.5);
#1543 = AXIS2_PLACEMENT_3D('',#1544,#1545,#1546);
#1544 = CARTESIAN_POINT('',(-55.,-115.,0.));
#1545 = DIRECTION('',(-0.,-0.,-1.));
#1546 = DIRECTION('',(1.,0.,0.));
#1547 = ADVANCED_FACE('',(#1548),#1567,.F.);
#1548 = FACE_BOUND('',#1549,.T.);
#1549 = EDGE_LOOP('',(#1550,#1558,#1565,#1566));
#1550 = ORIENTED_EDGE('',*,*,#1551,.T.);
#1551 = EDGE_CURVE('',#1033,#1552,#1554,.T.);
#1552 = VERTEX_POINT('',#1553);
#1553 = CARTESIAN_POINT('',(59.5,-115.,10.));
#1554 = LINE('',#1555,#1556);
#1555 = CARTESIAN_POINT('',(59.5,-115.,0.));
#1556 = VECTOR('',#1557,1.);
#1557 = DIRECTION('',(0.,0.,1.));
#1558 = ORIENTED_EDGE('',*,*,#1559,.T.);
#1559 = EDGE_CURVE('',#1552,#1552,#1560,.T.);
#1560 = CIRCLE('',#1561,4.5);
#1561 = AXIS2_PLACEMENT_3D('',#1562,#1563,#1564);
#1562 = CARTESIAN_POINT('',(55.,-115.,10.));
#1563 = DIRECTION('',(0.,0.,1.));
#1564 = DIRECTION('',(1.,0.,0.));
#1565 = ORIENTED_EDGE('',*,*,#1551,.F.);
#1566 = ORIENTED_EDGE('',*,*,#1032,.F.);
#1567 = CYLINDRICAL_SURFACE('',#1568,4.5);
#1568 = AXIS2_PLACEMENT_3D('',#1569,#1570,#1571);
#1569 = CARTESIAN_POINT('',(55.,-115.,0.));
#1570 = DIRECTION('',(-0.,-0.,-1.));
#1571 = DIRECTION('',(1.,0.,0.));
#1572 = ADVANCED_FACE('',(#1573),#1599,.F.);
#1573 = FACE_BOUND('',#1574,.T.);
#1574 = EDGE_LOOP('',(#1575,#1576,#1584,#1593));
#1575 = ORIENTED_EDGE('',*,*,#1043,.F.);
#1576 = ORIENTED_EDGE('',*,*,#1577,.F.);
#1577 = EDGE_CURVE('',#1578,#1044,#1580,.T.);
#1578 = VERTEX_POINT('',#1579);
#1579 = CARTESIAN_POINT('',(-37.,-110.9688711258,10.));
#1580 = LINE('',#1581,#1582);
#1581 = CARTESIAN_POINT('',(-37.,-110.9688711258,0.));
#1582 = VECTOR('',#1583,1.);
#1583 = DIRECTION('',(-0.,-0.,-1.));
#1584 = ORIENTED_EDGE('',*,*,#1585,.T.);
#1585 = EDGE_CURVE('',#1578,#1586,#1588,.T.);
#1586 = VERTEX_POINT('',#1587);
#1587 = CARTESIAN_POINT('',(-37.,-119.0311288741,10.));
#1588 = CIRCLE('',#1589,4.5);
#1589 = AXIS2_PLACEMENT_3D('',#1590,#1591,#1592);
#1590 = CARTESIAN_POINT('',(-35.,-115.,10.));
#1591 = DIRECTION('',(0.,0.,1.));
#1592 = DIRECTION('',(1.,0.,0.));
#1593 = ORIENTED_EDGE('',*,*,#1594,.T.);
#1594 = EDGE_CURVE('',#1586,#1046,#1595,.T.);
#1595 = LINE('',#1596,#1597);
#1596 = CARTESIAN_POINT('',(-37.,-119.0311288741,0.));
#1597 = VECTOR('',#1598,1.);
#1598 = DIRECTION('',(-0.,-0.,-1.));
#1599 = CYLINDRICAL_SURFACE('',#1600,4.5);
#1600 = AXIS2_PLACEMENT_3D('',#1601,#1602,#1603);
#1601 = CARTESIAN_POINT('',(-35.,-115.,0.));
#1602 = DIRECTION('',(-0.,-0.,-1.));
#1603 = DIRECTION('',(1.,0.,0.));
#1604 = ADVANCED_FACE('',(#1605),#1616,.F.);
#1605 = FACE_BOUND('',#1606,.F.);
#1606 = EDGE_LOOP('',(#1607,#1608,#1609,#1615));
#1607 = ORIENTED_EDGE('',*,*,#1054,.F.);
#1608 = ORIENTED_EDGE('',*,*,#1577,.F.);
#1609 = ORIENTED_EDGE('',*,*,#1610,.T.);
#1610 = EDGE_CURVE('',#1578,#1586,#1611,.T.);
#1611 = LINE('',#1612,#1613);
#1612 = CARTESIAN_POINT('',(-37.,-59.,10.));
#1613 = VECTOR('',#1614,1.);
#1614 = DIRECTION('',(0.,-1.,0.));
#1615 = ORIENTED_EDGE('',*,*,#1594,.T.);
#1616 = PLANE('',#1617);
#1617 = AXIS2_PLACEMENT_3D('',#1618,#1619,#1620);
#1618 = CARTESIAN_POINT('',(-37.,-59.,0.));
#1619 = DIRECTION('',(1.,0.,0.));
#1620 = DIRECTION('',(0.,-1.,0.));
#1621 = ADVANCED_FACE('',(#1622),#1647,.F.);
#1622 = FACE_BOUND('',#1623,.F.);
#1623 = EDGE_LOOP('',(#1624,#1625,#1633,#1641));
#1624 = ORIENTED_EDGE('',*,*,#1082,.F.);
#1625 = ORIENTED_EDGE('',*,*,#1626,.F.);
#1626 = EDGE_CURVE('',#1627,#1063,#1629,.T.);
#1627 = VERTEX_POINT('',#1628);
#1628 = CARTESIAN_POINT('',(37.,-119.0311288741,10.));
#1629 = LINE('',#1630,#1631);
#1630 = CARTESIAN_POINT('',(37.,-119.0311288741,0.));
#1631 = VECTOR('',#1632,1.);
#1632 = DIRECTION('',(-0.,-0.,-1.));
#1633 = ORIENTED_EDGE('',*,*,#1634,.T.);
#1634 = EDGE_CURVE('',#1627,#1635,#1637,.T.);
#1635 = VERTEX_POINT('',#1636);
#1636 = CARTESIAN_POINT('',(37.,-110.9688711258,10.));
#1637 = LINE('',#1638,#1639);
#1638 = CARTESIAN_POINT('',(37.,-130.,10.));
#1639 = VECTOR('',#1640,1.);
#1640 = DIRECTION('',(0.,1.,0.));
#1641 = ORIENTED_EDGE('',*,*,#1642,.T.);
#1642 = EDGE_CURVE('',#1635,#1074,#1643,.T.);
#1643 = LINE('',#1644,#1645);
#1644 = CARTESIAN_POINT('',(37.,-110.9688711258,0.));
#1645 = VECTOR('',#1646,1.);
#1646 = DIRECTION('',(-0.,-0.,-1.));
#1647 = PLANE('',#1648);
#1648 = AXIS2_PLACEMENT_3D('',#1649,#1650,#1651);
#1649 = CARTESIAN_POINT('',(37.,-130.,0.));
#1650 = DIRECTION('',(-1.,0.,0.));
#1651 = DIRECTION('',(0.,1.,0.));
#1652 = ADVANCED_FACE('',(#1653),#1672,.F.);
#1653 = FACE_BOUND('',#1654,.T.);
#1654 = EDGE_LOOP('',(#1655,#1663,#1670,#1671));
#1655 = ORIENTED_EDGE('',*,*,#1656,.T.);
#1656 = EDGE_CURVE('',#1091,#1657,#1659,.T.);
#1657 = VERTEX_POINT('',#1658);
#1658 = CARTESIAN_POINT('',(44.25,65.,10.));
#1659 = LINE('',#1660,#1661);
#1660 = CARTESIAN_POINT('',(44.25,65.,0.));
#1661 = VECTOR('',#1662,1.);
#1662 = DIRECTION('',(0.,0.,1.));
#1663 = ORIENTED_EDGE('',*,*,#1664,.T.);
#1664 = EDGE_CURVE('',#1657,#1657,#1665,.T.);
#1665 = CIRCLE('',#1666,1.75);
#1666 = AXIS2_PLACEMENT_3D('',#1667,#1668,#1669);
#1667 = CARTESIAN_POINT('',(42.5,65.,10.));
#1668 = DIRECTION('',(0.,0.,1.));
#1669 = DIRECTION('',(1.,0.,0.));
#1670 = ORIENTED_EDGE('',*,*,#1656,.F.);
#1671 = ORIENTED_EDGE('',*,*,#1090,.F.);
#1672 = CYLINDRICAL_SURFACE('',#1673,1.75);
#1673 = AXIS2_PLACEMENT_3D('',#1674,#1675,#1676);
#1674 = CARTESIAN_POINT('',(42.5,65.,0.));
#1675 = DIRECTION('',(-0.,-0.,-1.));
#1676 = DIRECTION('',(1.,0.,0.));
#1677 = ADVANCED_FACE('',(#1678),#1697,.F.);
#1678 = FACE_BOUND('',#1679,.T.);
#1679 = EDGE_LOOP('',(#1680,#1688,#1695,#1696));
#1680 = ORIENTED_EDGE('',*,*,#1681,.T.);
#1681 = EDGE_CURVE('',#1102,#1682,#1684,.T.);
#1682 = VERTEX_POINT('',#1683);
#1683 = CARTESIAN_POINT('',(44.25,45.,10.));
#1684 = LINE('',#1685,#1686);
#1685 = CARTESIAN_POINT('',(44.25,45.,0.));
#1686 = VECTOR('',#1687,1.);
#1687 = DIRECTION('',(0.,0.,1.));
#1688 = ORIENTED_EDGE('',*,*,#1689,.T.);
#1689 = EDGE_CURVE('',#1682,#1682,#1690,.T.);
#1690 = CIRCLE('',#1691,1.75);
#1691 = AXIS2_PLACEMENT_3D('',#1692,#1693,#1694);
#1692 = CARTESIAN_POINT('',(42.5,45.,10.));
#1693 = DIRECTION('',(0.,0.,1.));
#1694 = DIRECTION('',(1.,0.,0.));
#1695 = ORIENTED_EDGE('',*,*,#1681,.F.);
#1696 = ORIENTED_EDGE('',*,*,#1101,.F.);
#1697 = CYLINDRICAL_SURFACE('',#1698,1.75);
#1698 = AXIS2_PLACEMENT_3D('',#1699,#1700,#1701);
#1699 = CARTESIAN_POINT('',(42.5,45.,0.));
#1700 = DIRECTION('',(-0.,-0.,-1.));
#1701 = DIRECTION('',(1.,0.,0.));
#1702 = ADVANCED_FACE('',(#1703),#1722,.F.);
#1703 = FACE_BOUND('',#1704,.T.);
#1704 = EDGE_LOOP('',(#1705,#1713,#1720,#1721));
#1705 = ORIENTED_EDGE('',*,*,#1706,.T.);
#1706 = EDGE_CURVE('',#1113,#1707,#1709,.T.);
#1707 = VERTEX_POINT('',#1708);
#1708 = CARTESIAN_POINT('',(24.25,65.,10.));
#1709 = LINE('',#1710,#1711);
#1710 = CARTESIAN_POINT('',(24.25,65.,0.));
#1711 = VECTOR('',#1712,1.);
#1712 = DIRECTION('',(0.,0.,1.));
#1713 = ORIENTED_EDGE('',*,*,#1714,.T.);
#1714 = EDGE_CURVE('',#1707,#1707,#1715,.T.);
#1715 = CIRCLE('',#1716,1.75);
#1716 = AXIS2_PLACEMENT_3D('',#1717,#1718,#1719);
#1717 = CARTESIAN_POINT('',(22.5,65.,10.));
#1718 = DIRECTION('',(0.,0.,1.));
#1719 = DIRECTION('',(1.,0.,0.));
#1720 = ORIENTED_EDGE('',*,*,#1706,.F.);
#1721 = ORIENTED_EDGE('',*,*,#1112,.F.);
#1722 = CYLINDRICAL_SURFACE('',#1723,1.75);
#1723 = AXIS2_PLACEMENT_3D('',#1724,#1725,#1726);
#1724 = CARTESIAN_POINT('',(22.5,65.,0.));
#1725 = DIRECTION('',(-0.,-0.,-1.));
#1726 = DIRECTION('',(1.,0.,0.));
#1727 = ADVANCED_FACE('',(#1728),#1747,.F.);
#1728 = FACE_BOUND('',#1729,.T.);
#1729 = EDGE_LOOP('',(#1730,#1738,#1745,#1746));
#1730 = ORIENTED_EDGE('',*,*,#1731,.T.);
#1731 = EDGE_CURVE('',#1124,#1732,#1734,.T.);
#1732 = VERTEX_POINT('',#1733);
#1733 = CARTESIAN_POINT('',(24.25,45.,10.));
#1734 = LINE('',#1735,#1736);
#1735 = CARTESIAN_POINT('',(24.25,45.,0.));
#1736 = VECTOR('',#1737,1.);
#1737 = DIRECTION('',(0.,0.,1.));
#1738 = ORIENTED_EDGE('',*,*,#1739,.T.);
#1739 = EDGE_CURVE('',#1732,#1732,#1740,.T.);
#1740 = CIRCLE('',#1741,1.75);
#1741 = AXIS2_PLACEMENT_3D('',#1742,#1743,#1744);
#1742 = CARTESIAN_POINT('',(22.5,45.,10.));
#1743 = DIRECTION('',(0.,0.,1.));
#1744 = DIRECTION('',(1.,0.,0.));
#1745 = ORIENTED_EDGE('',*,*,#1731,.F.);
#1746 = ORIENTED_EDGE('',*,*,#1123,.F.);
#1747 = CYLINDRICAL_SURFACE('',#1748,1.75);
#1748 = AXIS2_PLACEMENT_3D('',#1749,#1750,#1751);
#1749 = CARTESIAN_POINT('',(22.5,45.,0.));
#1750 = DIRECTION('',(-0.,-0.,-1.));
#1751 = DIRECTION('',(1.,0.,0.));
#1752 = ADVANCED_FACE('',(#1753),#1772,.F.);
#1753 = FACE_BOUND('',#1754,.T.);
#1754 = EDGE_LOOP('',(#1755,#1763,#1770,#1771));
#1755 = ORIENTED_EDGE('',*,*,#1756,.T.);
#1756 = EDGE_CURVE('',#1135,#1757,#1759,.T.);
#1757 = VERTEX_POINT('',#1758);
#1758 = CARTESIAN_POINT('',(-20.75,65.,10.));
#1759 = LINE('',#1760,#1761);
#1760 = CARTESIAN_POINT('',(-20.75,65.,0.));
#1761 = VECTOR('',#1762,1.);
#1762 = DIRECTION('',(0.,0.,1.));
#1763 = ORIENTED_EDGE('',*,*,#1764,.T.);
#1764 = EDGE_CURVE('',#1757,#1757,#1765,.T.);
#1765 = CIRCLE('',#1766,1.75);
#1766 = AXIS2_PLACEMENT_3D('',#1767,#1768,#1769);
#1767 = CARTESIAN_POINT('',(-22.5,65.,10.));
#1768 = DIRECTION('',(0.,0.,1.));
#1769 = DIRECTION('',(1.,0.,0.));
#1770 = ORIENTED_EDGE('',*,*,#1756,.F.);
#1771 = ORIENTED_EDGE('',*,*,#1134,.F.);
#1772 = CYLINDRICAL_SURFACE('',#1773,1.75);
#1773 = AXIS2_PLACEMENT_3D('',#1774,#1775,#1776);
#1774 = CARTESIAN_POINT('',(-22.5,65.,0.));
#1775 = DIRECTION('',(-0.,-0.,-1.));
#1776 = DIRECTION('',(1.,0.,0.));
#1777 = ADVANCED_FACE('',(#1778),#1797,.F.);
#1778 = FACE_BOUND('',#1779,.T.);
#1779 = EDGE_LOOP('',(#1780,#1788,#1795,#1796));
#1780 = ORIENTED_EDGE('',*,*,#1781,.T.);
#1781 = EDGE_CURVE('',#1146,#1782,#1784,.T.);
#1782 = VERTEX_POINT('',#1783);
#1783 = CARTESIAN_POINT('',(-20.75,45.,10.));
#1784 = LINE('',#1785,#1786);
#1785 = CARTESIAN_POINT('',(-20.75,45.,0.));
#1786 = VECTOR('',#1787,1.);
#1787 = DIRECTION('',(0.,0.,1.));
#1788 = ORIENTED_EDGE('',*,*,#1789,.T.);
#1789 = EDGE_CURVE('',#1782,#1782,#1790,.T.);
#1790 = CIRCLE('',#1791,1.75);
#1791 = AXIS2_PLACEMENT_3D('',#1792,#1793,#1794);
#1792 = CARTESIAN_POINT('',(-22.5,45.,10.));
#1793 = DIRECTION('',(0.,0.,1.));
#1794 = DIRECTION('',(1.,0.,0.));
#1795 = ORIENTED_EDGE('',*,*,#1781,.F.);
#1796 = ORIENTED_EDGE('',*,*,#1145,.F.);
#1797 = CYLINDRICAL_SURFACE('',#1798,1.75);
#1798 = AXIS2_PLACEMENT_3D('',#1799,#1800,#1801);
#1799 = CARTESIAN_POINT('',(-22.5,45.,0.));
#1800 = DIRECTION('',(-0.,-0.,-1.));
#1801 = DIRECTION('',(1.,0.,0.));
#1802 = ADVANCED_FACE('',(#1803),#1822,.F.);
#1803 = FACE_BOUND('',#1804,.T.);
#1804 = EDGE_LOOP('',(#1805,#1813,#1820,#1821));
#1805 = ORIENTED_EDGE('',*,*,#1806,.T.);
#1806 = EDGE_CURVE('',#1157,#1807,#1809,.T.);
#1807 = VERTEX_POINT('',#1808);
#1808 = CARTESIAN_POINT('',(-40.75,65.,10.));
#1809 = LINE('',#1810,#1811);
#1810 = CARTESIAN_POINT('',(-40.75,65.,0.));
#1811 = VECTOR('',#1812,1.);
#1812 = DIRECTION('',(0.,0.,1.));
#1813 = ORIENTED_EDGE('',*,*,#1814,.T.);
#1814 = EDGE_CURVE('',#1807,#1807,#1815,.T.);
#1815 = CIRCLE('',#1816,1.75);
#1816 = AXIS2_PLACEMENT_3D('',#1817,#1818,#1819);
#1817 = CARTESIAN_POINT('',(-42.5,65.,10.));
#1818 = DIRECTION('',(0.,0.,1.));
#1819 = DIRECTION('',(1.,0.,0.));
#1820 = ORIENTED_EDGE('',*,*,#1806,.F.);
#1821 = ORIENTED_EDGE('',*,*,#1156,.F.);
#1822 = CYLINDRICAL_SURFACE('',#1823,1.75);
#1823 = AXIS2_PLACEMENT_3D('',#1824,#1825,#1826);
#1824 = CARTESIAN_POINT('',(-42.5,65.,0.));
#1825 = DIRECTION('',(-0.,-0.,-1.));
#1826 = DIRECTION('',(1.,0.,0.));
#1827 = ADVANCED_FACE('',(#1828),#1847,.F.);
#1828 = FACE_BOUND('',#1829,.T.);
#1829 = EDGE_LOOP('',(#1830,#1838,#1845,#1846));
#1830 = ORIENTED_EDGE('',*,*,#1831,.T.);
#1831 = EDGE_CURVE('',#1168,#1832,#1834,.T.);
#1832 = VERTEX_POINT('',#1833);
#1833 = CARTESIAN_POINT('',(-40.75,45.,10.));
#1834 = LINE('',#1835,#1836);
#1835 = CARTESIAN_POINT('',(-40.75,45.,0.));
#1836 = VECTOR('',#1837,1.);
#1837 = DIRECTION('',(0.,0.,1.));
#1838 = ORIENTED_EDGE('',*,*,#1839,.T.);
#1839 = EDGE_CURVE('',#1832,#1832,#1840,.T.);
#1840 = CIRCLE('',#1841,1.75);
#1841 = AXIS2_PLACEMENT_3D('',#1842,#1843,#1844);
#1842 = CARTESIAN_POINT('',(-42.5,45.,10.));
#1843 = DIRECTION('',(0.,0.,1.));
#1844 = DIRECTION('',(1.,0.,0.));
#1845 = ORIENTED_EDGE('',*,*,#1831,.F.);
#1846 = ORIENTED_EDGE('',*,*,#1167,.F.);
#1847 = CYLINDRICAL_SURFACE('',#1848,1.75);
#1848 = AXIS2_PLACEMENT_3D('',#1849,#1850,#1851);
#1849 = CARTESIAN_POINT('',(-42.5,45.,0.));
#1850 = DIRECTION('',(-0.,-0.,-1.));
#1851 = DIRECTION('',(1.,0.,0.));
#1852 = ADVANCED_FACE('',(#1853),#1872,.F.);
#1853 = FACE_BOUND('',#1854,.T.);
#1854 = EDGE_LOOP('',(#1855,#1863,#1870,#1871));
#1855 = ORIENTED_EDGE('',*,*,#1856,.T.);
#1856 = EDGE_CURVE('',#1179,#1857,#1859,.T.);
#1857 = VERTEX_POINT('',#1858);
#1858 = CARTESIAN_POINT('',(44.25,-45.,10.));
#1859 = LINE('',#1860,#1861);
#1860 = CARTESIAN_POINT('',(44.25,-45.,0.));
#1861 = VECTOR('',#1862,1.);
#1862 = DIRECTION('',(0.,0.,1.));
#1863 = ORIENTED_EDGE('',*,*,#1864,.T.);
#1864 = EDGE_CURVE('',#1857,#1857,#1865,.T.);
#1865 = CIRCLE('',#1866,1.75);
#1866 = AXIS2_PLACEMENT_3D('',#1867,#1868,#1869);
#1867 = CARTESIAN_POINT('',(42.5,-45.,10.));
#1868 = DIRECTION('',(0.,0.,1.));
#1869 = DIRECTION('',(1.,0.,0.));
#1870 = ORIENTED_EDGE('',*,*,#1856,.F.);
#1871 = ORIENTED_EDGE('',*,*,#1178,.F.);
#1872 = CYLINDRICAL_SURFACE('',#1873,1.75);
#1873 = AXIS2_PLACEMENT_3D('',#1874,#1875,#1876);
#1874 = CARTESIAN_POINT('',(42.5,-45.,0.));
#1875 = DIRECTION('',(-0.,-0.,-1.));
#1876 = DIRECTION('',(1.,0.,0.));
#1877 = ADVANCED_FACE('',(#1878),#1897,.F.);
#1878 = FACE_BOUND('',#1879,.T.);
#1879 = EDGE_LOOP('',(#1880,#1888,#1895,#1896));
#1880 = ORIENTED_EDGE('',*,*,#1881,.T.);
#1881 = EDGE_CURVE('',#1190,#1882,#1884,.T.);
#1882 = VERTEX_POINT('',#1883);
#1883 = CARTESIAN_POINT('',(44.25,-65.,10.));
#1884 = LINE('',#1885,#1886);
#1885 = CARTESIAN_POINT('',(44.25,-65.,0.));
#1886 = VECTOR('',#1887,1.);
#1887 = DIRECTION('',(0.,0.,1.));
#1888 = ORIENTED_EDGE('',*,*,#1889,.T.);
#1889 = EDGE_CURVE('',#1882,#1882,#1890,.T.);
#1890 = CIRCLE('',#1891,1.75);
#1891 = AXIS2_PLACEMENT_3D('',#1892,#1893,#1894);
#1892 = CARTESIAN_POINT('',(42.5,-65.,10.));
#1893 = DIRECTION('',(0.,0.,1.));
#1894 = DIRECTION('',(1.,0.,0.));
#1895 = ORIENTED_EDGE('',*,*,#1881,.F.);
#1896 = ORIENTED_EDGE('',*,*,#1189,.F.);
#1897 = CYLINDRICAL_SURFACE('',#1898,1.75);
#1898 = AXIS2_PLACEMENT_3D('',#1899,#1900,#1901);
#1899 = CARTESIAN_POINT('',(42.5,-65.,0.));
#1900 = DIRECTION('',(-0.,-0.,-1.));
#1901 = DIRECTION('',(1.,0.,0.));
#1902 = ADVANCED_FACE('',(#1903),#1922,.F.);
#1903 = FACE_BOUND('',#1904,.T.);
#1904 = EDGE_LOOP('',(#1905,#1913,#1920,#1921));
#1905 = ORIENTED_EDGE('',*,*,#1906,.T.);
#1906 = EDGE_CURVE('',#1201,#1907,#1909,.T.);
#1907 = VERTEX_POINT('',#1908);
#1908 = CARTESIAN_POINT('',(24.25,-45.,10.));
#1909 = LINE('',#1910,#1911);
#1910 = CARTESIAN_POINT('',(24.25,-45.,0.));
#1911 = VECTOR('',#1912,1.);
#1912 = DIRECTION('',(0.,0.,1.));
#1913 = ORIENTED_EDGE('',*,*,#1914,.T.);
#1914 = EDGE_CURVE('',#1907,#1907,#1915,.T.);
#1915 = CIRCLE('',#1916,1.75);
#1916 = AXIS2_PLACEMENT_3D('',#1917,#1918,#1919);
#1917 = CARTESIAN_POINT('',(22.5,-45.,10.));
#1918 = DIRECTION('',(0.,0.,1.));
#1919 = DIRECTION('',(1.,0.,0.));
#1920 = ORIENTED_EDGE('',*,*,#1906,.F.);
#1921 = ORIENTED_EDGE('',*,*,#1200,.F.);
#1922 = CYLINDRICAL_SURFACE('',#1923,1.75);
#1923 = AXIS2_PLACEMENT_3D('',#1924,#1925,#1926);
#1924 = CARTESIAN_POINT('',(22.5,-45.,0.));
#1925 = DIRECTION('',(-0.,-0.,-1.));
#1926 = DIRECTION('',(1.,0.,0.));
#1927 = ADVANCED_FACE('',(#1928),#1947,.F.);
#1928 = FACE_BOUND('',#1929,.T.);
#1929 = EDGE_LOOP('',(#1930,#1938,#1945,#1946));
#1930 = ORIENTED_EDGE('',*,*,#1931,.T.);
#1931 = EDGE_CURVE('',#1212,#1932,#1934,.T.);
#1932 = VERTEX_POINT('',#1933);
#1933 = CARTESIAN_POINT('',(24.25,-65.,10.));
#1934 = LINE('',#1935,#1936);
#1935 = CARTESIAN_POINT('',(24.25,-65.,0.));
#1936 = VECTOR('',#1937,1.);
#1937 = DIRECTION('',(0.,0.,1.));
#1938 = ORIENTED_EDGE('',*,*,#1939,.T.);
#1939 = EDGE_CURVE('',#1932,#1932,#1940,.T.);
#1940 = CIRCLE('',#1941,1.75);
#1941 = AXIS2_PLACEMENT_3D('',#1942,#1943,#1944);
#1942 = CARTESIAN_POINT('',(22.5,-65.,10.));
#1943 = DIRECTION('',(0.,0.,1.));
#1944 = DIRECTION('',(1.,0.,0.));
#1945 = ORIENTED_EDGE('',*,*,#1931,.F.);
#1946 = ORIENTED_EDGE('',*,*,#1211,.F.);
#1947 = CYLINDRICAL_SURFACE('',#1948,1.75);
#1948 = AXIS2_PLACEMENT_3D('',#1949,#1950,#1951);
#1949 = CARTESIAN_POINT('',(22.5,-65.,0.));
#1950 = DIRECTION('',(-0.,-0.,-1.));
#1951 = DIRECTION('',(1.,0.,0.));
#1952 = ADVANCED_FACE('',(#1953),#1972,.F.);
#1953 = FACE_BOUND('',#1954,.T.);
#1954 = EDGE_LOOP('',(#1955,#1963,#1970,#1971));
#1955 = ORIENTED_EDGE('',*,*,#1956,.T.);
#1956 = EDGE_CURVE('',#1223,#1957,#1959,.T.);
#1957 = VERTEX_POINT('',#1958);
#1958 = CARTESIAN_POINT('',(-20.75,-45.,10.));
#1959 = LINE('',#1960,#1961);
#1960 = CARTESIAN_POINT('',(-20.75,-45.,0.));
#1961 = VECTOR('',#1962,1.);
#1962 = DIRECTION('',(0.,0.,1.));
#1963 = ORIENTED_EDGE('',*,*,#1964,.T.);
#1964 = EDGE_CURVE('',#1957,#1957,#1965,.T.);
#1965 = CIRCLE('',#1966,1.75);
#1966 = AXIS2_PLACEMENT_3D('',#1967,#1968,#1969);
#1967 = CARTESIAN_POINT('',(-22.5,-45.,10.));
#1968 = DIRECTION('',(0.,0.,1.));
#1969 = DIRECTION('',(1.,0.,0.));
#1970 = ORIENTED_EDGE('',*,*,#1956,.F.);
#1971 = ORIENTED_EDGE('',*,*,#1222,.F.);
#1972 = CYLINDRICAL_SURFACE('',#1973,1.75);
#1973 = AXIS2_PLACEMENT_3D('',#1974,#1975,#1976);
#1974 = CARTESIAN_POINT('',(-22.5,-45.,0.));
#1975 = DIRECTION('',(-0.,-0.,-1.));
#1976 = DIRECTION('',(1.,0.,0.));
#1977 = ADVANCED_FACE('',(#1978),#1997,.F.);
#1978 = FACE_BOUND('',#1979,.T.);
#1979 = EDGE_LOOP('',(#1980,#1988,#1995,#1996));
#1980 = ORIENTED_EDGE('',*,*,#1981,.T.);
#1981 = EDGE_CURVE('',#1234,#1982,#1984,.T.);
#1982 = VERTEX_POINT('',#1983);
#1983 = CARTESIAN_POINT('',(-20.75,-65.,10.));
#1984 = LINE('',#1985,#1986);
#1985 = CARTESIAN_POINT('',(-20.75,-65.,0.));
#1986 = VECTOR('',#1987,1.);
#1987 = DIRECTION('',(0.,0.,1.));
#1988 = ORIENTED_EDGE('',*,*,#1989,.T.);
#1989 = EDGE_CURVE('',#1982,#1982,#1990,.T.);
#1990 = CIRCLE('',#1991,1.75);
#1991 = AXIS2_PLACEMENT_3D('',#1992,#1993,#1994);
#1992 = CARTESIAN_POINT('',(-22.5,-65.,10.));
#1993 = DIRECTION('',(0.,0.,1.));
#1994 = DIRECTION('',(1.,0.,0.));
#1995 = ORIENTED_EDGE('',*,*,#1981,.F.);
#1996 = ORIENTED_EDGE('',*,*,#1233,.F.);
#1997 = CYLINDRICAL_SURFACE('',#1998,1.75);
#1998 = AXIS2_PLACEMENT_3D('',#1999,#2000,#2001);
#1999 = CARTESIAN_POINT('',(-22.5,-65.,0.));
#2000 = DIRECTION('',(-0.,-0.,-1.));
#2001 = DIRECTION('',(1.,0.,0.));
#2002 = ADVANCED_FACE('',(#2003),#2022,.F.);
#2003 = FACE_BOUND('',#2004,.T.);
#2004 = EDGE_LOOP('',(#2005,#2013,#2020,#2021));
#2005 = ORIENTED_EDGE('',*,*,#2006,.T.);
#2006 = EDGE_CURVE('',#1245,#2007,#2009,.T.);
#2007 = VERTEX_POINT('',#2008);
#2008 = CARTESIAN_POINT('',(-40.75,-45.,10.));
#2009 = LINE('',#2010,#2011);
#2010 = CARTESIAN_POINT('',(-40.75,-45.,0.));
#2011 = VECTOR('',#2012,1.);
#2012 = DIRECTION('',(0.,0.,1.));
#2013 = ORIENTED_EDGE('',*,*,#2014,.T.);
#2014 = EDGE_CURVE('',#2007,#2007,#2015,.T.);
#2015 = CIRCLE('',#2016,1.75);
#2016 = AXIS2_PLACEMENT_3D('',#2017,#2018,#2019);
#2017 = CARTESIAN_POINT('',(-42.5,-45.,10.));
#2018 = DIRECTION('',(0.,0.,1.));
#2019 = DIRECTION('',(1.,0.,0.));
#2020 = ORIENTED_EDGE('',*,*,#2006,.F.);
#2021 = ORIENTED_EDGE('',*,*,#1244,.F.);
#2022 = CYLINDRICAL_SURFACE('',#2023,1.75);
#2023 = AXIS2_PLACEMENT_3D('',#2024,#2025,#2026);
#2024 = CARTESIAN_POINT('',(-42.5,-45.,0.));
#2025 = DIRECTION('',(-0.,-0.,-1.));
#2026 = DIRECTION('',(1.,0.,0.));
#2027 = ADVANCED_FACE('',(#2028),#2047,.F.);
#2028 = FACE_BOUND('',#2029,.T.);
#2029 = EDGE_LOOP('',(#2030,#2038,#2045,#2046));
#2030 = ORIENTED_EDGE('',*,*,#2031,.T.);
#2031 = EDGE_CURVE('',#1256,#2032,#2034,.T.);
#2032 = VERTEX_POINT('',#2033);
#2033 = CARTESIAN_POINT('',(-40.75,-65.,10.));
#2034 = LINE('',#2035,#2036);
#2035 = CARTESIAN_POINT('',(-40.75,-65.,0.));
#2036 = VECTOR('',#2037,1.);
#2037 = DIRECTION('',(0.,0.,1.));
#2038 = ORIENTED_EDGE('',*,*,#2039,.T.);
#2039 = EDGE_CURVE('',#2032,#2032,#2040,.T.);
#2040 = CIRCLE('',#2041,1.75);
#2041 = AXIS2_PLACEMENT_3D('',#2042,#2043,#2044);
#2042 = CARTESIAN_POINT('',(-42.5,-65.,10.));
#2043 = DIRECTION('',(0.,0.,1.));
#2044 = DIRECTION('',(1.,0.,0.));
#2045 = ORIENTED_EDGE('',*,*,#2031,.F.);
#2046 = ORIENTED_EDGE('',*,*,#1255,.F.);
#2047 = CYLINDRICAL_SURFACE('',#2048,1.75);
#2048 = AXIS2_PLACEMENT_3D('',#2049,#2050,#2051);
#2049 = CARTESIAN_POINT('',(-42.5,-65.,0.));
#2050 = DIRECTION('',(-0.,-0.,-1.));
#2051 = DIRECTION('',(1.,0.,0.));
#2052 = ADVANCED_FACE('',(#2053,#2083,#2089,#2100,#2111,#2114,#2117,
    #2121,#2140,#2143,#2146,#2149,#2152,#2155,#2158,#2161,#2164,#2167,
    #2170,#2173,#2176,#2179,#2182,#2185),#2188,.T.);
#2053 = FACE_BOUND('',#2054,.T.);
#2054 = EDGE_LOOP('',(#2055,#2056,#2057,#2058,#2059,#2060,#2061,#2062,
    #2063,#2064,#2065,#2066,#2067,#2068,#2069,#2070,#2071,#2072,#2073,
    #2074,#2075,#2076,#2077,#2078,#2079,#2080,#2081,#2082));
#2055 = ORIENTED_EDGE('',*,*,#31,.T.);
#2056 = ORIENTED_EDGE('',*,*,#874,.T.);
#2057 = ORIENTED_EDGE('',*,*,#846,.T.);
#2058 = ORIENTED_EDGE('',*,*,#815,.T.);
#2059 = ORIENTED_EDGE('',*,*,#775,.F.);
#2060 = ORIENTED_EDGE('',*,*,#744,.F.);
#2061 = ORIENTED_EDGE('',*,*,#713,.F.);
#2062 = ORIENTED_EDGE('',*,*,#682,.F.);
#2063 = ORIENTED_EDGE('',*,*,#651,.F.);
#2064 = ORIENTED_EDGE('',*,*,#620,.F.);
#2065 = ORIENTED_EDGE('',*,*,#589,.F.);
#2066 = ORIENTED_EDGE('',*,*,#567,.T.);
#2067 = ORIENTED_EDGE('',*,*,#527,.F.);
#2068 = ORIENTED_EDGE('',*,*,#496,.F.);
#2069 = ORIENTED_EDGE('',*,*,#465,.F.);
#2070 = ORIENTED_EDGE('',*,*,#434,.F.);
#2071 = ORIENTED_EDGE('',*,*,#403,.F.);
#2072 = ORIENTED_EDGE('',*,*,#372,.F.);
#2073 = ORIENTED_EDGE('',*,*,#341,.F.);
#2074 = ORIENTED_EDGE('',*,*,#319,.T.);
#2075 = ORIENTED_EDGE('',*,*,#279,.F.);
#2076 = ORIENTED_EDGE('',*,*,#248,.F.);
#2077 = ORIENTED_EDGE('',*,*,#217,.F.);
#2078 = ORIENTED_EDGE('',*,*,#186,.F.);
#2079 = ORIENTED_EDGE('',*,*,#155,.F.);
#2080 = ORIENTED_EDGE('',*,*,#124,.F.);
#2081 = ORIENTED_EDGE('',*,*,#93,.F.);
#2082 = ORIENTED_EDGE('',*,*,#71,.T.);
#2083 = FACE_BOUND('',#2084,.T.);
#2084 = EDGE_LOOP('',(#2085,#2086,#2087,#2088));
#2085 = ORIENTED_EDGE('',*,*,#1280,.F.);
#2086 = ORIENTED_EDGE('',*,*,#1311,.F.);
#2087 = ORIENTED_EDGE('',*,*,#1352,.F.);
#2088 = ORIENTED_EDGE('',*,*,#1328,.F.);
#2089 = FACE_BOUND('',#2090,.T.);
#2090 = EDGE_LOOP('',(#2091,#2097,#2098,#2099));
#2091 = ORIENTED_EDGE('',*,*,#2092,.F.);
#2092 = EDGE_CURVE('',#1425,#1369,#2093,.T.);
#2093 = LINE('',#2094,#2095);
#2094 = CARTESIAN_POINT('',(25.75,-59.,10.));
#2095 = VECTOR('',#2096,1.);
#2096 = DIRECTION('',(1.,0.,0.));
#2097 = ORIENTED_EDGE('',*,*,#1424,.F.);
#2098 = ORIENTED_EDGE('',*,*,#1400,.F.);
#2099 = ORIENTED_EDGE('',*,*,#1376,.F.);
#2100 = FACE_BOUND('',#2101,.T.);
#2101 = EDGE_LOOP('',(#2102,#2108,#2109,#2110));
#2102 = ORIENTED_EDGE('',*,*,#2103,.F.);
#2103 = EDGE_CURVE('',#1504,#1448,#2104,.T.);
#2104 = LINE('',#2105,#2106);
#2105 = CARTESIAN_POINT('',(-39.25,-59.,10.));
#2106 = VECTOR('',#2107,1.);
#2107 = DIRECTION('',(1.,0.,0.));
#2108 = ORIENTED_EDGE('',*,*,#1503,.F.);
#2109 = ORIENTED_EDGE('',*,*,#1479,.F.);
#2110 = ORIENTED_EDGE('',*,*,#1455,.F.);
#2111 = FACE_BOUND('',#2112,.T.);
#2112 = EDGE_LOOP('',(#2113));
#2113 = ORIENTED_EDGE('',*,*,#1534,.F.);
#2114 = FACE_BOUND('',#2115,.T.);
#2115 = EDGE_LOOP('',(#2116));
#2116 = ORIENTED_EDGE('',*,*,#1559,.F.);
#2117 = FACE_BOUND('',#2118,.T.);
#2118 = EDGE_LOOP('',(#2119,#2120));
#2119 = ORIENTED_EDGE('',*,*,#1585,.F.);
#2120 = ORIENTED_EDGE('',*,*,#1610,.T.);
#2121 = FACE_BOUND('',#2122,.T.);
#2122 = EDGE_LOOP('',(#2123,#2132,#2133));
#2123 = ORIENTED_EDGE('',*,*,#2124,.F.);
#2124 = EDGE_CURVE('',#1627,#2125,#2127,.T.);
#2125 = VERTEX_POINT('',#2126);
#2126 = CARTESIAN_POINT('',(39.5,-115.,10.));
#2127 = CIRCLE('',#2128,4.5);
#2128 = AXIS2_PLACEMENT_3D('',#2129,#2130,#2131);
#2129 = CARTESIAN_POINT('',(35.,-115.,10.));
#2130 = DIRECTION('',(0.,0.,1.));
#2131 = DIRECTION('',(1.,0.,0.));
#2132 = ORIENTED_EDGE('',*,*,#1634,.T.);
#2133 = ORIENTED_EDGE('',*,*,#2134,.F.);
#2134 = EDGE_CURVE('',#2125,#1635,#2135,.T.);
#2135 = CIRCLE('',#2136,4.5);
#2136 = AXIS2_PLACEMENT_3D('',#2137,#2138,#2139);
#2137 = CARTESIAN_POINT('',(35.,-115.,10.));
#2138 = DIRECTION('',(0.,0.,1.));
#2139 = DIRECTION('',(1.,0.,0.));
#2140 = FACE_BOUND('',#2141,.T.);
#2141 = EDGE_LOOP('',(#2142));
#2142 = ORIENTED_EDGE('',*,*,#1664,.F.);
#2143 = FACE_BOUND('',#2144,.T.);
#2144 = EDGE_LOOP('',(#2145));
#2145 = ORIENTED_EDGE('',*,*,#1689,.F.);
#2146 = FACE_BOUND('',#2147,.T.);
#2147 = EDGE_LOOP('',(#2148));
#2148 = ORIENTED_EDGE('',*,*,#1714,.F.);
#2149 = FACE_BOUND('',#2150,.T.);
#2150 = EDGE_LOOP('',(#2151));
#2151 = ORIENTED_EDGE('',*,*,#1739,.F.);
#2152 = FACE_BOUND('',#2153,.T.);
#2153 = EDGE_LOOP('',(#2154));
#2154 = ORIENTED_EDGE('',*,*,#1764,.F.);
#2155 = FACE_BOUND('',#2156,.T.);
#2156 = EDGE_LOOP('',(#2157));
#2157 = ORIENTED_EDGE('',*,*,#1789,.F.);
#2158 = FACE_BOUND('',#2159,.T.);
#2159 = EDGE_LOOP('',(#2160));
#2160 = ORIENTED_EDGE('',*,*,#1814,.F.);
#2161 = FACE_BOUND('',#2162,.T.);
#2162 = EDGE_LOOP('',(#2163));
#2163 = ORIENTED_EDGE('',*,*,#1839,.F.);
#2164 = FACE_BOUND('',#2165,.T.);
#2165 = EDGE_LOOP('',(#2166));
#2166 = ORIENTED_EDGE('',*,*,#1864,.F.);
#2167 = FACE_BOUND('',#2168,.T.);
#2168 = EDGE_LOOP('',(#2169));
#2169 = ORIENTED_EDGE('',*,*,#1889,.F.);
#2170 = FACE_BOUND('',#2171,.T.);
#2171 = EDGE_LOOP('',(#2172));
#2172 = ORIENTED_EDGE('',*,*,#1914,.F.);
#2173 = FACE_BOUND('',#2174,.T.);
#2174 = EDGE_LOOP('',(#2175));
#2175 = ORIENTED_EDGE('',*,*,#1939,.F.);
#2176 = FACE_BOUND('',#2177,.T.);
#2177 = EDGE_LOOP('',(#2178));
#2178 = ORIENTED_EDGE('',*,*,#1964,.F.);
#2179 = FACE_BOUND('',#2180,.T.);
#2180 = EDGE_LOOP('',(#2181));
#2181 = ORIENTED_EDGE('',*,*,#1989,.F.);
#2182 = FACE_BOUND('',#2183,.T.);
#2183 = EDGE_LOOP('',(#2184));
#2184 = ORIENTED_EDGE('',*,*,#2014,.F.);
#2185 = FACE_BOUND('',#2186,.T.);
#2186 = EDGE_LOOP('',(#2187));
#2187 = ORIENTED_EDGE('',*,*,#2039,.F.);
#2188 = PLANE('',#2189);
#2189 = AXIS2_PLACEMENT_3D('',#2190,#2191,#2192);
#2190 = CARTESIAN_POINT('',(0.,5.098855359001E-02,10.));
#2191 = DIRECTION('',(0.,0.,1.));
#2192 = DIRECTION('',(1.,0.,0.));
#2193 = ADVANCED_FACE('',(#2194),#2200,.T.);
#2194 = FACE_BOUND('',#2195,.T.);
#2195 = EDGE_LOOP('',(#2196,#2197,#2198,#2199));
#2196 = ORIENTED_EDGE('',*,*,#979,.F.);
#2197 = ORIENTED_EDGE('',*,*,#1432,.T.);
#2198 = ORIENTED_EDGE('',*,*,#2092,.T.);
#2199 = ORIENTED_EDGE('',*,*,#1368,.F.);
#2200 = PLANE('',#2201);
#2201 = AXIS2_PLACEMENT_3D('',#2202,#2203,#2204);
#2202 = CARTESIAN_POINT('',(32.5,-59.,5.));
#2203 = DIRECTION('',(0.,1.,0.));
#2204 = DIRECTION('',(0.,0.,1.));
#2205 = ADVANCED_FACE('',(#2206),#2212,.T.);
#2206 = FACE_BOUND('',#2207,.T.);
#2207 = EDGE_LOOP('',(#2208,#2209,#2210,#2211));
#2208 = ORIENTED_EDGE('',*,*,#1013,.F.);
#2209 = ORIENTED_EDGE('',*,*,#1511,.T.);
#2210 = ORIENTED_EDGE('',*,*,#2103,.T.);
#2211 = ORIENTED_EDGE('',*,*,#1447,.F.);
#2212 = PLANE('',#2213);
#2213 = AXIS2_PLACEMENT_3D('',#2214,#2215,#2216);
#2214 = CARTESIAN_POINT('',(-32.5,-59.,5.));
#2215 = DIRECTION('',(0.,1.,0.));
#2216 = DIRECTION('',(0.,0.,1.));
#2217 = ADVANCED_FACE('',(#2218),#2226,.F.);
#2218 = FACE_BOUND('',#2219,.T.);
#2219 = EDGE_LOOP('',(#2220,#2221,#2222,#2223,#2224,#2225));
#2220 = ORIENTED_EDGE('',*,*,#2134,.T.);
#2221 = ORIENTED_EDGE('',*,*,#1642,.T.);
#2222 = ORIENTED_EDGE('',*,*,#1073,.F.);
#2223 = ORIENTED_EDGE('',*,*,#1062,.F.);
#2224 = ORIENTED_EDGE('',*,*,#1626,.F.);
#2225 = ORIENTED_EDGE('',*,*,#2124,.T.);
#2226 = CYLINDRICAL_SURFACE('',#2227,4.5);
#2227 = AXIS2_PLACEMENT_3D('',#2228,#2229,#2230);
#2228 = CARTESIAN_POINT('',(35.,-115.,0.));
#2229 = DIRECTION('',(-0.,-0.,-1.));
#2230 = DIRECTION('',(1.,0.,0.));
#2231 = MANIFOLD_SOLID_BREP('',#2232);
#2232 = CLOSED_SHELL('',(#2233,#2273,#2304,#2335,#2366,#2397,#2428,#2459
    ,#2490,#2521,#2552,#2583,#2614,#2645,#2676,#2707,#2738,#2769,#2800,
    #2831,#2862,#2893,#2924,#2955,#2986,#3017,#3048,#3079,#3101,#3484,
    #3515,#3539,#3563,#3580,#3611,#3635,#3659,#3690,#3714,#3738,#3763,
    #3788,#3820,#3837,#3868,#3893,#3918,#3943,#3968,#3993,#4018,#4043,
    #4068,#4093,#4118,#4143,#4168,#4193,#4218,#4243,#4268,#4409,#4421,
    #4433));
#2233 = ADVANCED_FACE('',(#2234),#2268,.F.);
#2234 = FACE_BOUND('',#2235,.F.);
#2235 = EDGE_LOOP('',(#2236,#2246,#2254,#2262));
#2236 = ORIENTED_EDGE('',*,*,#2237,.T.);
#2237 = EDGE_CURVE('',#2238,#2240,#2242,.T.);
#2238 = VERTEX_POINT('',#2239);
#2239 = CARTESIAN_POINT('',(-75.,90.,0.));
#2240 = VERTEX_POINT('',#2241);
#2241 = CARTESIAN_POINT('',(-75.,90.,10.));
#2242 = LINE('',#2243,#2244);
#2243 = CARTESIAN_POINT('',(-75.,90.,0.));
#2244 = VECTOR('',#2245,1.);
#2245 = DIRECTION('',(0.,0.,1.));
#2246 = ORIENTED_EDGE('',*,*,#2247,.T.);
#2247 = EDGE_CURVE('',#2240,#2248,#2250,.T.);
#2248 = VERTEX_POINT('',#2249);
#2249 = CARTESIAN_POINT('',(-75.,-130.,10.));
#2250 = LINE('',#2251,#2252);
#2251 = CARTESIAN_POINT('',(-75.,90.,10.));
#2252 = VECTOR('',#2253,1.);
#2253 = DIRECTION('',(0.,-1.,0.));
#2254 = ORIENTED_EDGE('',*,*,#2255,.F.);
#2255 = EDGE_CURVE('',#2256,#2248,#2258,.T.);
#2256 = VERTEX_POINT('',#2257);
#2257 = CARTESIAN_POINT('',(-75.,-130.,0.));
#2258 = LINE('',#2259,#2260);
#2259 = CARTESIAN_POINT('',(-75.,-130.,0.));
#2260 = VECTOR('',#2261,1.);
#2261 = DIRECTION('',(0.,0.,1.));
#2262 = ORIENTED_EDGE('',*,*,#2263,.F.);
#2263 = EDGE_CURVE('',#2238,#2256,#2264,.T.);
#2264 = LINE('',#2265,#2266);
#2265 = CARTESIAN_POINT('',(-75.,90.,0.));
#2266 = VECTOR('',#2267,1.);
#2267 = DIRECTION('',(0.,-1.,0.));
#2268 = PLANE('',#2269);
#2269 = AXIS2_PLACEMENT_3D('',#2270,#2271,#2272);
#2270 = CARTESIAN_POINT('',(-75.,90.,0.));
#2271 = DIRECTION('',(1.,0.,0.));
#2272 = DIRECTION('',(0.,-1.,0.));
#2273 = ADVANCED_FACE('',(#2274),#2299,.F.);
#2274 = FACE_BOUND('',#2275,.F.);
#2275 = EDGE_LOOP('',(#2276,#2286,#2292,#2293));
#2276 = ORIENTED_EDGE('',*,*,#2277,.T.);
#2277 = EDGE_CURVE('',#2278,#2280,#2282,.T.);
#2278 = VERTEX_POINT('',#2279);
#2279 = CARTESIAN_POINT('',(-37.,90.,0.));
#2280 = VERTEX_POINT('',#2281);
#2281 = CARTESIAN_POINT('',(-37.,90.,10.));
#2282 = LINE('',#2283,#2284);
#2283 = CARTESIAN_POINT('',(-37.,90.,0.));
#2284 = VECTOR('',#2285,1.);
#2285 = DIRECTION('',(0.,0.,1.));
#2286 = ORIENTED_EDGE('',*,*,#2287,.T.);
#2287 = EDGE_CURVE('',#2280,#2240,#2288,.T.);
#2288 = LINE('',#2289,#2290);
#2289 = CARTESIAN_POINT('',(75.,90.,10.));
#2290 = VECTOR('',#2291,1.);
#2291 = DIRECTION('',(-1.,0.,0.));
#2292 = ORIENTED_EDGE('',*,*,#2237,.F.);
#2293 = ORIENTED_EDGE('',*,*,#2294,.F.);
#2294 = EDGE_CURVE('',#2278,#2238,#2295,.T.);
#2295 = LINE('',#2296,#2297);
#2296 = CARTESIAN_POINT('',(75.,90.,0.));
#2297 = VECTOR('',#2298,1.);
#2298 = DIRECTION('',(-1.,0.,0.));
#2299 = PLANE('',#2300);
#2300 = AXIS2_PLACEMENT_3D('',#2301,#2302,#2303);
#2301 = CARTESIAN_POINT('',(-37.,90.,0.));
#2302 = DIRECTION('',(0.,-1.,0.));
#2303 = DIRECTION('',(-1.,0.,0.));
#2304 = ADVANCED_FACE('',(#2305),#2330,.T.);
#2305 = FACE_BOUND('',#2306,.T.);
#2306 = EDGE_LOOP('',(#2307,#2308,#2316,#2324));
#2307 = ORIENTED_EDGE('',*,*,#2277,.T.);
#2308 = ORIENTED_EDGE('',*,*,#2309,.T.);
#2309 = EDGE_CURVE('',#2280,#2310,#2312,.T.);
#2310 = VERTEX_POINT('',#2311);
#2311 = CARTESIAN_POINT('',(-37.,59.,10.));
#2312 = LINE('',#2313,#2314);
#2313 = CARTESIAN_POINT('',(-37.,90.,10.));
#2314 = VECTOR('',#2315,1.);
#2315 = DIRECTION('',(0.,-1.,0.));
#2316 = ORIENTED_EDGE('',*,*,#2317,.F.);
#2317 = EDGE_CURVE('',#2318,#2310,#2320,.T.);
#2318 = VERTEX_POINT('',#2319);
#2319 = CARTESIAN_POINT('',(-37.,59.,0.));
#2320 = LINE('',#2321,#2322);
#2321 = CARTESIAN_POINT('',(-37.,59.,0.));
#2322 = VECTOR('',#2323,1.);
#2323 = DIRECTION('',(0.,0.,1.));
#2324 = ORIENTED_EDGE('',*,*,#2325,.F.);
#2325 = EDGE_CURVE('',#2278,#2318,#2326,.T.);
#2326 = LINE('',#2327,#2328);
#2327 = CARTESIAN_POINT('',(-37.,90.,0.));
#2328 = VECTOR('',#2329,1.);
#2329 = DIRECTION('',(0.,-1.,0.));
#2330 = PLANE('',#2331);
#2331 = AXIS2_PLACEMENT_3D('',#2332,#2333,#2334);
#2332 = CARTESIAN_POINT('',(-37.,90.,0.));
#2333 = DIRECTION('',(1.,0.,0.));
#2334 = DIRECTION('',(0.,-1.,0.));
#2335 = ADVANCED_FACE('',(#2336),#2361,.T.);
#2336 = FACE_BOUND('',#2337,.T.);
#2337 = EDGE_LOOP('',(#2338,#2339,#2347,#2355));
#2338 = ORIENTED_EDGE('',*,*,#2317,.T.);
#2339 = ORIENTED_EDGE('',*,*,#2340,.T.);
#2340 = EDGE_CURVE('',#2310,#2341,#2343,.T.);
#2341 = VERTEX_POINT('',#2342);
#2342 = CARTESIAN_POINT('',(-39.25,59.,10.));
#2343 = LINE('',#2344,#2345);
#2344 = CARTESIAN_POINT('',(-25.75,59.,10.));
#2345 = VECTOR('',#2346,1.);
#2346 = DIRECTION('',(-1.,0.,0.));
#2347 = ORIENTED_EDGE('',*,*,#2348,.F.);
#2348 = EDGE_CURVE('',#2349,#2341,#2351,.T.);
#2349 = VERTEX_POINT('',#2350);
#2350 = CARTESIAN_POINT('',(-39.25,59.,0.));
#2351 = LINE('',#2352,#2353);
#2352 = CARTESIAN_POINT('',(-39.25,59.,0.));
#2353 = VECTOR('',#2354,1.);
#2354 = DIRECTION('',(0.,0.,1.));
#2355 = ORIENTED_EDGE('',*,*,#2356,.F.);
#2356 = EDGE_CURVE('',#2318,#2349,#2357,.T.);
#2357 = LINE('',#2358,#2359);
#2358 = CARTESIAN_POINT('',(-25.75,59.,0.));
#2359 = VECTOR('',#2360,1.);
#2360 = DIRECTION('',(-1.,0.,0.));
#2361 = PLANE('',#2362);
#2362 = AXIS2_PLACEMENT_3D('',#2363,#2364,#2365);
#2363 = CARTESIAN_POINT('',(-37.,59.,0.));
#2364 = DIRECTION('',(0.,-1.,0.));
#2365 = DIRECTION('',(-1.,0.,0.));
#2366 = ADVANCED_FACE('',(#2367),#2392,.T.);
#2367 = FACE_BOUND('',#2368,.T.);
#2368 = EDGE_LOOP('',(#2369,#2370,#2378,#2386));
#2369 = ORIENTED_EDGE('',*,*,#2348,.T.);
#2370 = ORIENTED_EDGE('',*,*,#2371,.T.);
#2371 = EDGE_CURVE('',#2341,#2372,#2374,.T.);
#2372 = VERTEX_POINT('',#2373);
#2373 = CARTESIAN_POINT('',(-39.25,51.,10.));
#2374 = LINE('',#2375,#2376);
#2375 = CARTESIAN_POINT('',(-39.25,59.,10.));
#2376 = VECTOR('',#2377,1.);
#2377 = DIRECTION('',(0.,-1.,0.));
#2378 = ORIENTED_EDGE('',*,*,#2379,.F.);
#2379 = EDGE_CURVE('',#2380,#2372,#2382,.T.);
#2380 = VERTEX_POINT('',#2381);
#2381 = CARTESIAN_POINT('',(-39.25,51.,0.));
#2382 = LINE('',#2383,#2384);
#2383 = CARTESIAN_POINT('',(-39.25,51.,0.));
#2384 = VECTOR('',#2385,1.);
#2385 = DIRECTION('',(0.,0.,1.));
#2386 = ORIENTED_EDGE('',*,*,#2387,.F.);
#2387 = EDGE_CURVE('',#2349,#2380,#2388,.T.);
#2388 = LINE('',#2389,#2390);
#2389 = CARTESIAN_POINT('',(-39.25,59.,0.));
#2390 = VECTOR('',#2391,1.);
#2391 = DIRECTION('',(0.,-1.,0.));
#2392 = PLANE('',#2393);
#2393 = AXIS2_PLACEMENT_3D('',#2394,#2395,#2396);
#2394 = CARTESIAN_POINT('',(-39.25,59.,0.));
#2395 = DIRECTION('',(1.,0.,0.));
#2396 = DIRECTION('',(0.,-1.,0.));
#2397 = ADVANCED_FACE('',(#2398),#2423,.T.);
#2398 = FACE_BOUND('',#2399,.T.);
#2399 = EDGE_LOOP('',(#2400,#2401,#2409,#2417));
#2400 = ORIENTED_EDGE('',*,*,#2379,.T.);
#2401 = ORIENTED_EDGE('',*,*,#2402,.T.);
#2402 = EDGE_CURVE('',#2372,#2403,#2405,.T.);
#2403 = VERTEX_POINT('',#2404);
#2404 = CARTESIAN_POINT('',(-25.75,51.,10.));
#2405 = LINE('',#2406,#2407);
#2406 = CARTESIAN_POINT('',(-39.25,51.,10.));
#2407 = VECTOR('',#2408,1.);
#2408 = DIRECTION('',(1.,0.,0.));
#2409 = ORIENTED_EDGE('',*,*,#2410,.F.);
#2410 = EDGE_CURVE('',#2411,#2403,#2413,.T.);
#2411 = VERTEX_POINT('',#2412);
#2412 = CARTESIAN_POINT('',(-25.75,51.,0.));
#2413 = LINE('',#2414,#2415);
#2414 = CARTESIAN_POINT('',(-25.75,51.,0.));
#2415 = VECTOR('',#2416,1.);
#2416 = DIRECTION('',(0.,0.,1.));
#2417 = ORIENTED_EDGE('',*,*,#2418,.F.);
#2418 = EDGE_CURVE('',#2380,#2411,#2419,.T.);
#2419 = LINE('',#2420,#2421);
#2420 = CARTESIAN_POINT('',(-39.25,51.,0.));
#2421 = VECTOR('',#2422,1.);
#2422 = DIRECTION('',(1.,0.,0.));
#2423 = PLANE('',#2424);
#2424 = AXIS2_PLACEMENT_3D('',#2425,#2426,#2427);
#2425 = CARTESIAN_POINT('',(-39.25,51.,0.));
#2426 = DIRECTION('',(0.,1.,0.));
#2427 = DIRECTION('',(1.,0.,0.));
#2428 = ADVANCED_FACE('',(#2429),#2454,.T.);
#2429 = FACE_BOUND('',#2430,.T.);
#2430 = EDGE_LOOP('',(#2431,#2432,#2440,#2448));
#2431 = ORIENTED_EDGE('',*,*,#2410,.T.);
#2432 = ORIENTED_EDGE('',*,*,#2433,.T.);
#2433 = EDGE_CURVE('',#2403,#2434,#2436,.T.);
#2434 = VERTEX_POINT('',#2435);
#2435 = CARTESIAN_POINT('',(-25.75,59.,10.));
#2436 = LINE('',#2437,#2438);
#2437 = CARTESIAN_POINT('',(-25.75,51.,10.));
#2438 = VECTOR('',#2439,1.);
#2439 = DIRECTION('',(0.,1.,0.));
#2440 = ORIENTED_EDGE('',*,*,#2441,.F.);
#2441 = EDGE_CURVE('',#2442,#2434,#2444,.T.);
#2442 = VERTEX_POINT('',#2443);
#2443 = CARTESIAN_POINT('',(-25.75,59.,0.));
#2444 = LINE('',#2445,#2446);
#2445 = CARTESIAN_POINT('',(-25.75,59.,0.));
#2446 = VECTOR('',#2447,1.);
#2447 = DIRECTION('',(0.,0.,1.));
#2448 = ORIENTED_EDGE('',*,*,#2449,.F.);
#2449 = EDGE_CURVE('',#2411,#2442,#2450,.T.);
#2450 = LINE('',#2451,#2452);
#2451 = CARTESIAN_POINT('',(-25.75,51.,0.));
#2452 = VECTOR('',#2453,1.);
#2453 = DIRECTION('',(0.,1.,0.));
#2454 = PLANE('',#2455);
#2455 = AXIS2_PLACEMENT_3D('',#2456,#2457,#2458);
#2456 = CARTESIAN_POINT('',(-25.75,51.,0.));
#2457 = DIRECTION('',(-1.,0.,0.));
#2458 = DIRECTION('',(0.,1.,0.));
#2459 = ADVANCED_FACE('',(#2460),#2485,.T.);
#2460 = FACE_BOUND('',#2461,.T.);
#2461 = EDGE_LOOP('',(#2462,#2463,#2471,#2479));
#2462 = ORIENTED_EDGE('',*,*,#2441,.T.);
#2463 = ORIENTED_EDGE('',*,*,#2464,.T.);
#2464 = EDGE_CURVE('',#2434,#2465,#2467,.T.);
#2465 = VERTEX_POINT('',#2466);
#2466 = CARTESIAN_POINT('',(-28.,59.,10.));
#2467 = LINE('',#2468,#2469);
#2468 = CARTESIAN_POINT('',(-25.75,59.,10.));
#2469 = VECTOR('',#2470,1.);
#2470 = DIRECTION('',(-1.,0.,0.));
#2471 = ORIENTED_EDGE('',*,*,#2472,.F.);
#2472 = EDGE_CURVE('',#2473,#2465,#2475,.T.);
#2473 = VERTEX_POINT('',#2474);
#2474 = CARTESIAN_POINT('',(-28.,59.,0.));
#2475 = LINE('',#2476,#2477);
#2476 = CARTESIAN_POINT('',(-28.,59.,0.));
#2477 = VECTOR('',#2478,1.);
#2478 = DIRECTION('',(0.,0.,1.));
#2479 = ORIENTED_EDGE('',*,*,#2480,.F.);
#2480 = EDGE_CURVE('',#2442,#2473,#2481,.T.);
#2481 = LINE('',#2482,#2483);
#2482 = CARTESIAN_POINT('',(-25.75,59.,0.));
#2483 = VECTOR('',#2484,1.);
#2484 = DIRECTION('',(-1.,0.,0.));
#2485 = PLANE('',#2486);
#2486 = AXIS2_PLACEMENT_3D('',#2487,#2488,#2489);
#2487 = CARTESIAN_POINT('',(-25.75,59.,0.));
#2488 = DIRECTION('',(0.,-1.,0.));
#2489 = DIRECTION('',(-1.,0.,0.));
#2490 = ADVANCED_FACE('',(#2491),#2516,.T.);
#2491 = FACE_BOUND('',#2492,.T.);
#2492 = EDGE_LOOP('',(#2493,#2494,#2502,#2510));
#2493 = ORIENTED_EDGE('',*,*,#2472,.T.);
#2494 = ORIENTED_EDGE('',*,*,#2495,.T.);
#2495 = EDGE_CURVE('',#2465,#2496,#2498,.T.);
#2496 = VERTEX_POINT('',#2497);
#2497 = CARTESIAN_POINT('',(-28.,90.,10.));
#2498 = LINE('',#2499,#2500);
#2499 = CARTESIAN_POINT('',(-28.,59.,10.));
#2500 = VECTOR('',#2501,1.);
#2501 = DIRECTION('',(0.,1.,0.));
#2502 = ORIENTED_EDGE('',*,*,#2503,.F.);
#2503 = EDGE_CURVE('',#2504,#2496,#2506,.T.);
#2504 = VERTEX_POINT('',#2505);
#2505 = CARTESIAN_POINT('',(-28.,90.,0.));
#2506 = LINE('',#2507,#2508);
#2507 = CARTESIAN_POINT('',(-28.,90.,0.));
#2508 = VECTOR('',#2509,1.);
#2509 = DIRECTION('',(0.,0.,1.));
#2510 = ORIENTED_EDGE('',*,*,#2511,.F.);
#2511 = EDGE_CURVE('',#2473,#2504,#2512,.T.);
#2512 = LINE('',#2513,#2514);
#2513 = CARTESIAN_POINT('',(-28.,59.,0.));
#2514 = VECTOR('',#2515,1.);
#2515 = DIRECTION('',(0.,1.,0.));
#2516 = PLANE('',#2517);
#2517 = AXIS2_PLACEMENT_3D('',#2518,#2519,#2520);
#2518 = CARTESIAN_POINT('',(-28.,59.,0.));
#2519 = DIRECTION('',(-1.,0.,0.));
#2520 = DIRECTION('',(0.,1.,0.));
#2521 = ADVANCED_FACE('',(#2522),#2547,.F.);
#2522 = FACE_BOUND('',#2523,.F.);
#2523 = EDGE_LOOP('',(#2524,#2534,#2540,#2541));
#2524 = ORIENTED_EDGE('',*,*,#2525,.T.);
#2525 = EDGE_CURVE('',#2526,#2528,#2530,.T.);
#2526 = VERTEX_POINT('',#2527);
#2527 = CARTESIAN_POINT('',(-4.5,90.,0.));
#2528 = VERTEX_POINT('',#2529);
#2529 = CARTESIAN_POINT('',(-4.5,90.,10.));
#2530 = LINE('',#2531,#2532);
#2531 = CARTESIAN_POINT('',(-4.5,90.,0.));
#2532 = VECTOR('',#2533,1.);
#2533 = DIRECTION('',(0.,0.,1.));
#2534 = ORIENTED_EDGE('',*,*,#2535,.T.);
#2535 = EDGE_CURVE('',#2528,#2496,#2536,.T.);
#2536 = LINE('',#2537,#2538);
#2537 = CARTESIAN_POINT('',(75.,90.,10.));
#2538 = VECTOR('',#2539,1.);
#2539 = DIRECTION('',(-1.,0.,0.));
#2540 = ORIENTED_EDGE('',*,*,#2503,.F.);
#2541 = ORIENTED_EDGE('',*,*,#2542,.F.);
#2542 = EDGE_CURVE('',#2526,#2504,#2543,.T.);
#2543 = LINE('',#2544,#2545);
#2544 = CARTESIAN_POINT('',(75.,90.,0.));
#2545 = VECTOR('',#2546,1.);
#2546 = DIRECTION('',(-1.,0.,0.));
#2547 = PLANE('',#2548);
#2548 = AXIS2_PLACEMENT_3D('',#2549,#2550,#2551);
#2549 = CARTESIAN_POINT('',(-4.5,90.,0.));
#2550 = DIRECTION('',(0.,-1.,0.));
#2551 = DIRECTION('',(-1.,0.,0.));
#2552 = ADVANCED_FACE('',(#2553),#2578,.T.);
#2553 = FACE_BOUND('',#2554,.T.);
#2554 = EDGE_LOOP('',(#2555,#2556,#2564,#2572));
#2555 = ORIENTED_EDGE('',*,*,#2525,.T.);
#2556 = ORIENTED_EDGE('',*,*,#2557,.T.);
#2557 = EDGE_CURVE('',#2528,#2558,#2560,.T.);
#2558 = VERTEX_POINT('',#2559);
#2559 = CARTESIAN_POINT('',(-4.5,79.,10.));
#2560 = LINE('',#2561,#2562);
#2561 = CARTESIAN_POINT('',(-4.5,90.,10.));
#2562 = VECTOR('',#2563,1.);
#2563 = DIRECTION('',(0.,-1.,0.));
#2564 = ORIENTED_EDGE('',*,*,#2565,.F.);
#2565 = EDGE_CURVE('',#2566,#2558,#2568,.T.);
#2566 = VERTEX_POINT('',#2567);
#2567 = CARTESIAN_POINT('',(-4.5,79.,0.));
#2568 = LINE('',#2569,#2570);
#2569 = CARTESIAN_POINT('',(-4.5,79.,0.));
#2570 = VECTOR('',#2571,1.);
#2571 = DIRECTION('',(0.,0.,1.));
#2572 = ORIENTED_EDGE('',*,*,#2573,.F.);
#2573 = EDGE_CURVE('',#2526,#2566,#2574,.T.);
#2574 = LINE('',#2575,#2576);
#2575 = CARTESIAN_POINT('',(-4.5,90.,0.));
#2576 = VECTOR('',#2577,1.);
#2577 = DIRECTION('',(0.,-1.,0.));
#2578 = PLANE('',#2579);
#2579 = AXIS2_PLACEMENT_3D('',#2580,#2581,#2582);
#2580 = CARTESIAN_POINT('',(-4.5,90.,0.));
#2581 = DIRECTION('',(1.,0.,0.));
#2582 = DIRECTION('',(0.,-1.,0.));
#2583 = ADVANCED_FACE('',(#2584),#2609,.T.);
#2584 = FACE_BOUND('',#2585,.T.);
#2585 = EDGE_LOOP('',(#2586,#2587,#2595,#2603));
#2586 = ORIENTED_EDGE('',*,*,#2565,.T.);
#2587 = ORIENTED_EDGE('',*,*,#2588,.T.);
#2588 = EDGE_CURVE('',#2558,#2589,#2591,.T.);
#2589 = VERTEX_POINT('',#2590);
#2590 = CARTESIAN_POINT('',(-6.75,79.,10.));
#2591 = LINE('',#2592,#2593);
#2592 = CARTESIAN_POINT('',(6.75,79.,10.));
#2593 = VECTOR('',#2594,1.);
#2594 = DIRECTION('',(-1.,0.,0.));
#2595 = ORIENTED_EDGE('',*,*,#2596,.F.);
#2596 = EDGE_CURVE('',#2597,#2589,#2599,.T.);
#2597 = VERTEX_POINT('',#2598);
#2598 = CARTESIAN_POINT('',(-6.75,79.,0.));
#2599 = LINE('',#2600,#2601);
#2600 = CARTESIAN_POINT('',(-6.75,79.,0.));
#2601 = VECTOR('',#2602,1.);
#2602 = DIRECTION('',(0.,0.,1.));
#2603 = ORIENTED_EDGE('',*,*,#2604,.F.);
#2604 = EDGE_CURVE('',#2566,#2597,#2605,.T.);
#2605 = LINE('',#2606,#2607);
#2606 = CARTESIAN_POINT('',(6.75,79.,0.));
#2607 = VECTOR('',#2608,1.);
#2608 = DIRECTION('',(-1.,0.,0.));
#2609 = PLANE('',#2610);
#2610 = AXIS2_PLACEMENT_3D('',#2611,#2612,#2613);
#2611 = CARTESIAN_POINT('',(-4.5,79.,0.));
#2612 = DIRECTION('',(0.,-1.,0.));
#2613 = DIRECTION('',(-1.,0.,0.));
#2614 = ADVANCED_FACE('',(#2615),#2640,.T.);
#2615 = FACE_BOUND('',#2616,.T.);
#2616 = EDGE_LOOP('',(#2617,#2618,#2626,#2634));
#2617 = ORIENTED_EDGE('',*,*,#2596,.T.);
#2618 = ORIENTED_EDGE('',*,*,#2619,.T.);
#2619 = EDGE_CURVE('',#2589,#2620,#2622,.T.);
#2620 = VERTEX_POINT('',#2621);
#2621 = CARTESIAN_POINT('',(-6.75,71.,10.));
#2622 = LINE('',#2623,#2624);
#2623 = CARTESIAN_POINT('',(-6.75,79.,10.));
#2624 = VECTOR('',#2625,1.);
#2625 = DIRECTION('',(0.,-1.,0.));
#2626 = ORIENTED_EDGE('',*,*,#2627,.F.);
#2627 = EDGE_CURVE('',#2628,#2620,#2630,.T.);
#2628 = VERTEX_POINT('',#2629);
#2629 = CARTESIAN_POINT('',(-6.75,71.,0.));
#2630 = LINE('',#2631,#2632);
#2631 = CARTESIAN_POINT('',(-6.75,71.,0.));
#2632 = VECTOR('',#2633,1.);
#2633 = DIRECTION('',(0.,0.,1.));
#2634 = ORIENTED_EDGE('',*,*,#2635,.F.);
#2635 = EDGE_CURVE('',#2597,#2628,#2636,.T.);
#2636 = LINE('',#2637,#2638);
#2637 = CARTESIAN_POINT('',(-6.75,79.,0.));
#2638 = VECTOR('',#2639,1.);
#2639 = DIRECTION('',(0.,-1.,0.));
#2640 = PLANE('',#2641);
#2641 = AXIS2_PLACEMENT_3D('',#2642,#2643,#2644);
#2642 = CARTESIAN_POINT('',(-6.75,79.,0.));
#2643 = DIRECTION('',(1.,0.,0.));
#2644 = DIRECTION('',(0.,-1.,0.));
#2645 = ADVANCED_FACE('',(#2646),#2671,.T.);
#2646 = FACE_BOUND('',#2647,.T.);
#2647 = EDGE_LOOP('',(#2648,#2649,#2657,#2665));
#2648 = ORIENTED_EDGE('',*,*,#2627,.T.);
#2649 = ORIENTED_EDGE('',*,*,#2650,.T.);
#2650 = EDGE_CURVE('',#2620,#2651,#2653,.T.);
#2651 = VERTEX_POINT('',#2652);
#2652 = CARTESIAN_POINT('',(6.75,71.,10.));
#2653 = LINE('',#2654,#2655);
#2654 = CARTESIAN_POINT('',(-6.75,71.,10.));
#2655 = VECTOR('',#2656,1.);
#2656 = DIRECTION('',(1.,0.,0.));
#2657 = ORIENTED_EDGE('',*,*,#2658,.F.);
#2658 = EDGE_CURVE('',#2659,#2651,#2661,.T.);
#2659 = VERTEX_POINT('',#2660);
#2660 = CARTESIAN_POINT('',(6.75,71.,0.));
#2661 = LINE('',#2662,#2663);
#2662 = CARTESIAN_POINT('',(6.75,71.,0.));
#2663 = VECTOR('',#2664,1.);
#2664 = DIRECTION('',(0.,0.,1.));
#2665 = ORIENTED_EDGE('',*,*,#2666,.F.);
#2666 = EDGE_CURVE('',#2628,#2659,#2667,.T.);
#2667 = LINE('',#2668,#2669);
#2668 = CARTESIAN_POINT('',(-6.75,71.,0.));
#2669 = VECTOR('',#2670,1.);
#2670 = DIRECTION('',(1.,0.,0.));
#2671 = PLANE('',#2672);
#2672 = AXIS2_PLACEMENT_3D('',#2673,#2674,#2675);
#2673 = CARTESIAN_POINT('',(-6.75,71.,0.));
#2674 = DIRECTION('',(0.,1.,0.));
#2675 = DIRECTION('',(1.,0.,0.));
#2676 = ADVANCED_FACE('',(#2677),#2702,.T.);
#2677 = FACE_BOUND('',#2678,.T.);
#2678 = EDGE_LOOP('',(#2679,#2680,#2688,#2696));
#2679 = ORIENTED_EDGE('',*,*,#2658,.T.);
#2680 = ORIENTED_EDGE('',*,*,#2681,.T.);
#2681 = EDGE_CURVE('',#2651,#2682,#2684,.T.);
#2682 = VERTEX_POINT('',#2683);
#2683 = CARTESIAN_POINT('',(6.75,79.,10.));
#2684 = LINE('',#2685,#2686);
#2685 = CARTESIAN_POINT('',(6.75,71.,10.));
#2686 = VECTOR('',#2687,1.);
#2687 = DIRECTION('',(0.,1.,0.));
#2688 = ORIENTED_EDGE('',*,*,#2689,.F.);
#2689 = EDGE_CURVE('',#2690,#2682,#2692,.T.);
#2690 = VERTEX_POINT('',#2691);
#2691 = CARTESIAN_POINT('',(6.75,79.,0.));
#2692 = LINE('',#2693,#2694);
#2693 = CARTESIAN_POINT('',(6.75,79.,0.));
#2694 = VECTOR('',#2695,1.);
#2695 = DIRECTION('',(0.,0.,1.));
#2696 = ORIENTED_EDGE('',*,*,#2697,.F.);
#2697 = EDGE_CURVE('',#2659,#2690,#2698,.T.);
#2698 = LINE('',#2699,#2700);
#2699 = CARTESIAN_POINT('',(6.75,71.,0.));
#2700 = VECTOR('',#2701,1.);
#2701 = DIRECTION('',(0.,1.,0.));
#2702 = PLANE('',#2703);
#2703 = AXIS2_PLACEMENT_3D('',#2704,#2705,#2706);
#2704 = CARTESIAN_POINT('',(6.75,71.,0.));
#2705 = DIRECTION('',(-1.,0.,0.));
#2706 = DIRECTION('',(0.,1.,0.));
#2707 = ADVANCED_FACE('',(#2708),#2733,.T.);
#2708 = FACE_BOUND('',#2709,.T.);
#2709 = EDGE_LOOP('',(#2710,#2711,#2719,#2727));
#2710 = ORIENTED_EDGE('',*,*,#2689,.T.);
#2711 = ORIENTED_EDGE('',*,*,#2712,.T.);
#2712 = EDGE_CURVE('',#2682,#2713,#2715,.T.);
#2713 = VERTEX_POINT('',#2714);
#2714 = CARTESIAN_POINT('',(4.5,79.,10.));
#2715 = LINE('',#2716,#2717);
#2716 = CARTESIAN_POINT('',(6.75,79.,10.));
#2717 = VECTOR('',#2718,1.);
#2718 = DIRECTION('',(-1.,0.,0.));
#2719 = ORIENTED_EDGE('',*,*,#2720,.F.);
#2720 = EDGE_CURVE('',#2721,#2713,#2723,.T.);
#2721 = VERTEX_POINT('',#2722);
#2722 = CARTESIAN_POINT('',(4.5,79.,0.));
#2723 = LINE('',#2724,#2725);
#2724 = CARTESIAN_POINT('',(4.5,79.,0.));
#2725 = VECTOR('',#2726,1.);
#2726 = DIRECTION('',(0.,0.,1.));
#2727 = ORIENTED_EDGE('',*,*,#2728,.F.);
#2728 = EDGE_CURVE('',#2690,#2721,#2729,.T.);
#2729 = LINE('',#2730,#2731);
#2730 = CARTESIAN_POINT('',(6.75,79.,0.));
#2731 = VECTOR('',#2732,1.);
#2732 = DIRECTION('',(-1.,0.,0.));
#2733 = PLANE('',#2734);
#2734 = AXIS2_PLACEMENT_3D('',#2735,#2736,#2737);
#2735 = CARTESIAN_POINT('',(6.75,79.,0.));
#2736 = DIRECTION('',(0.,-1.,0.));
#2737 = DIRECTION('',(-1.,0.,0.));
#2738 = ADVANCED_FACE('',(#2739),#2764,.T.);
#2739 = FACE_BOUND('',#2740,.T.);
#2740 = EDGE_LOOP('',(#2741,#2742,#2750,#2758));
#2741 = ORIENTED_EDGE('',*,*,#2720,.T.);
#2742 = ORIENTED_EDGE('',*,*,#2743,.T.);
#2743 = EDGE_CURVE('',#2713,#2744,#2746,.T.);
#2744 = VERTEX_POINT('',#2745);
#2745 = CARTESIAN_POINT('',(4.5,90.,10.));
#2746 = LINE('',#2747,#2748);
#2747 = CARTESIAN_POINT('',(4.5,79.,10.));
#2748 = VECTOR('',#2749,1.);
#2749 = DIRECTION('',(0.,1.,0.));
#2750 = ORIENTED_EDGE('',*,*,#2751,.F.);
#2751 = EDGE_CURVE('',#2752,#2744,#2754,.T.);
#2752 = VERTEX_POINT('',#2753);
#2753 = CARTESIAN_POINT('',(4.5,90.,0.));
#2754 = LINE('',#2755,#2756);
#2755 = CARTESIAN_POINT('',(4.5,90.,0.));
#2756 = VECTOR('',#2757,1.);
#2757 = DIRECTION('',(0.,0.,1.));
#2758 = ORIENTED_EDGE('',*,*,#2759,.F.);
#2759 = EDGE_CURVE('',#2721,#2752,#2760,.T.);
#2760 = LINE('',#2761,#2762);
#2761 = CARTESIAN_POINT('',(4.5,79.,0.));
#2762 = VECTOR('',#2763,1.);
#2763 = DIRECTION('',(0.,1.,0.));
#2764 = PLANE('',#2765);
#2765 = AXIS2_PLACEMENT_3D('',#2766,#2767,#2768);
#2766 = CARTESIAN_POINT('',(4.5,79.,0.));
#2767 = DIRECTION('',(-1.,0.,0.));
#2768 = DIRECTION('',(0.,1.,0.));
#2769 = ADVANCED_FACE('',(#2770),#2795,.F.);
#2770 = FACE_BOUND('',#2771,.F.);
#2771 = EDGE_LOOP('',(#2772,#2782,#2788,#2789));
#2772 = ORIENTED_EDGE('',*,*,#2773,.T.);
#2773 = EDGE_CURVE('',#2774,#2776,#2778,.T.);
#2774 = VERTEX_POINT('',#2775);
#2775 = CARTESIAN_POINT('',(28.,90.,0.));
#2776 = VERTEX_POINT('',#2777);
#2777 = CARTESIAN_POINT('',(28.,90.,10.));
#2778 = LINE('',#2779,#2780);
#2779 = CARTESIAN_POINT('',(28.,90.,0.));
#2780 = VECTOR('',#2781,1.);
#2781 = DIRECTION('',(0.,0.,1.));
#2782 = ORIENTED_EDGE('',*,*,#2783,.T.);
#2783 = EDGE_CURVE('',#2776,#2744,#2784,.T.);
#2784 = LINE('',#2785,#2786);
#2785 = CARTESIAN_POINT('',(75.,90.,10.));
#2786 = VECTOR('',#2787,1.);
#2787 = DIRECTION('',(-1.,0.,0.));
#2788 = ORIENTED_EDGE('',*,*,#2751,.F.);
#2789 = ORIENTED_EDGE('',*,*,#2790,.F.);
#2790 = EDGE_CURVE('',#2774,#2752,#2791,.T.);
#2791 = LINE('',#2792,#2793);
#2792 = CARTESIAN_POINT('',(75.,90.,0.));
#2793 = VECTOR('',#2794,1.);
#2794 = DIRECTION('',(-1.,0.,0.));
#2795 = PLANE('',#2796);
#2796 = AXIS2_PLACEMENT_3D('',#2797,#2798,#2799);
#2797 = CARTESIAN_POINT('',(28.,90.,0.));
#2798 = DIRECTION('',(0.,-1.,0.));
#2799 = DIRECTION('',(-1.,0.,0.));
#2800 = ADVANCED_FACE('',(#2801),#2826,.T.);
#2801 = FACE_BOUND('',#2802,.T.);
#2802 = EDGE_LOOP('',(#2803,#2804,#2812,#2820));
#2803 = ORIENTED_EDGE('',*,*,#2773,.T.);
#2804 = ORIENTED_EDGE('',*,*,#2805,.T.);
#2805 = EDGE_CURVE('',#2776,#2806,#2808,.T.);
#2806 = VERTEX_POINT('',#2807);
#2807 = CARTESIAN_POINT('',(28.,59.,10.));
#2808 = LINE('',#2809,#2810);
#2809 = CARTESIAN_POINT('',(28.,90.,10.));
#2810 = VECTOR('',#2811,1.);
#2811 = DIRECTION('',(0.,-1.,0.));
#2812 = ORIENTED_EDGE('',*,*,#2813,.F.);
#2813 = EDGE_CURVE('',#2814,#2806,#2816,.T.);
#2814 = VERTEX_POINT('',#2815);
#2815 = CARTESIAN_POINT('',(28.,59.,0.));
#2816 = LINE('',#2817,#2818);
#2817 = CARTESIAN_POINT('',(28.,59.,0.));
#2818 = VECTOR('',#2819,1.);
#2819 = DIRECTION('',(0.,0.,1.));
#2820 = ORIENTED_EDGE('',*,*,#2821,.F.);
#2821 = EDGE_CURVE('',#2774,#2814,#2822,.T.);
#2822 = LINE('',#2823,#2824);
#2823 = CARTESIAN_POINT('',(28.,90.,0.));
#2824 = VECTOR('',#2825,1.);
#2825 = DIRECTION('',(0.,-1.,0.));
#2826 = PLANE('',#2827);
#2827 = AXIS2_PLACEMENT_3D('',#2828,#2829,#2830);
#2828 = CARTESIAN_POINT('',(28.,90.,0.));
#2829 = DIRECTION('',(1.,0.,0.));
#2830 = DIRECTION('',(0.,-1.,0.));
#2831 = ADVANCED_FACE('',(#2832),#2857,.T.);
#2832 = FACE_BOUND('',#2833,.T.);
#2833 = EDGE_LOOP('',(#2834,#2835,#2843,#2851));
#2834 = ORIENTED_EDGE('',*,*,#2813,.T.);
#2835 = ORIENTED_EDGE('',*,*,#2836,.T.);
#2836 = EDGE_CURVE('',#2806,#2837,#2839,.T.);
#2837 = VERTEX_POINT('',#2838);
#2838 = CARTESIAN_POINT('',(25.75,59.,10.));
#2839 = LINE('',#2840,#2841);
#2840 = CARTESIAN_POINT('',(39.25,59.,10.));
#2841 = VECTOR('',#2842,1.);
#2842 = DIRECTION('',(-1.,0.,0.));
#2843 = ORIENTED_EDGE('',*,*,#2844,.F.);
#2844 = EDGE_CURVE('',#2845,#2837,#2847,.T.);
#2845 = VERTEX_POINT('',#2846);
#2846 = CARTESIAN_POINT('',(25.75,59.,0.));
#2847 = LINE('',#2848,#2849);
#2848 = CARTESIAN_POINT('',(25.75,59.,0.));
#2849 = VECTOR('',#2850,1.);
#2850 = DIRECTION('',(0.,0.,1.));
#2851 = ORIENTED_EDGE('',*,*,#2852,.F.);
#2852 = EDGE_CURVE('',#2814,#2845,#2853,.T.);
#2853 = LINE('',#2854,#2855);
#2854 = CARTESIAN_POINT('',(39.25,59.,0.));
#2855 = VECTOR('',#2856,1.);
#2856 = DIRECTION('',(-1.,0.,0.));
#2857 = PLANE('',#2858);
#2858 = AXIS2_PLACEMENT_3D('',#2859,#2860,#2861);
#2859 = CARTESIAN_POINT('',(28.,59.,0.));
#2860 = DIRECTION('',(0.,-1.,0.));
#2861 = DIRECTION('',(-1.,0.,0.));
#2862 = ADVANCED_FACE('',(#2863),#2888,.T.);
#2863 = FACE_BOUND('',#2864,.T.);
#2864 = EDGE_LOOP('',(#2865,#2866,#2874,#2882));
#2865 = ORIENTED_EDGE('',*,*,#2844,.T.);
#2866 = ORIENTED_EDGE('',*,*,#2867,.T.);
#2867 = EDGE_CURVE('',#2837,#2868,#2870,.T.);
#2868 = VERTEX_POINT('',#2869);
#2869 = CARTESIAN_POINT('',(25.75,51.,10.));
#2870 = LINE('',#2871,#2872);
#2871 = CARTESIAN_POINT('',(25.75,59.,10.));
#2872 = VECTOR('',#2873,1.);
#2873 = DIRECTION('',(0.,-1.,0.));
#2874 = ORIENTED_EDGE('',*,*,#2875,.F.);
#2875 = EDGE_CURVE('',#2876,#2868,#2878,.T.);
#2876 = VERTEX_POINT('',#2877);
#2877 = CARTESIAN_POINT('',(25.75,51.,0.));
#2878 = LINE('',#2879,#2880);
#2879 = CARTESIAN_POINT('',(25.75,51.,0.));
#2880 = VECTOR('',#2881,1.);
#2881 = DIRECTION('',(0.,0.,1.));
#2882 = ORIENTED_EDGE('',*,*,#2883,.F.);
#2883 = EDGE_CURVE('',#2845,#2876,#2884,.T.);
#2884 = LINE('',#2885,#2886);
#2885 = CARTESIAN_POINT('',(25.75,59.,0.));
#2886 = VECTOR('',#2887,1.);
#2887 = DIRECTION('',(0.,-1.,0.));
#2888 = PLANE('',#2889);
#2889 = AXIS2_PLACEMENT_3D('',#2890,#2891,#2892);
#2890 = CARTESIAN_POINT('',(25.75,59.,0.));
#2891 = DIRECTION('',(1.,0.,0.));
#2892 = DIRECTION('',(0.,-1.,0.));
#2893 = ADVANCED_FACE('',(#2894),#2919,.T.);
#2894 = FACE_BOUND('',#2895,.T.);
#2895 = EDGE_LOOP('',(#2896,#2897,#2905,#2913));
#2896 = ORIENTED_EDGE('',*,*,#2875,.T.);
#2897 = ORIENTED_EDGE('',*,*,#2898,.T.);
#2898 = EDGE_CURVE('',#2868,#2899,#2901,.T.);
#2899 = VERTEX_POINT('',#2900);
#2900 = CARTESIAN_POINT('',(39.25,51.,10.));
#2901 = LINE('',#2902,#2903);
#2902 = CARTESIAN_POINT('',(25.75,51.,10.));
#2903 = VECTOR('',#2904,1.);
#2904 = DIRECTION('',(1.,0.,0.));
#2905 = ORIENTED_EDGE('',*,*,#2906,.F.);
#2906 = EDGE_CURVE('',#2907,#2899,#2909,.T.);
#2907 = VERTEX_POINT('',#2908);
#2908 = CARTESIAN_POINT('',(39.25,51.,0.));
#2909 = LINE('',#2910,#2911);
#2910 = CARTESIAN_POINT('',(39.25,51.,0.));
#2911 = VECTOR('',#2912,1.);
#2912 = DIRECTION('',(0.,0.,1.));
#2913 = ORIENTED_EDGE('',*,*,#2914,.F.);
#2914 = EDGE_CURVE('',#2876,#2907,#2915,.T.);
#2915 = LINE('',#2916,#2917);
#2916 = CARTESIAN_POINT('',(25.75,51.,0.));
#2917 = VECTOR('',#2918,1.);
#2918 = DIRECTION('',(1.,0.,0.));
#2919 = PLANE('',#2920);
#2920 = AXIS2_PLACEMENT_3D('',#2921,#2922,#2923);
#2921 = CARTESIAN_POINT('',(25.75,51.,0.));
#2922 = DIRECTION('',(0.,1.,0.));
#2923 = DIRECTION('',(1.,0.,0.));
#2924 = ADVANCED_FACE('',(#2925),#2950,.T.);
#2925 = FACE_BOUND('',#2926,.T.);
#2926 = EDGE_LOOP('',(#2927,#2928,#2936,#2944));
#2927 = ORIENTED_EDGE('',*,*,#2906,.T.);
#2928 = ORIENTED_EDGE('',*,*,#2929,.T.);
#2929 = EDGE_CURVE('',#2899,#2930,#2932,.T.);
#2930 = VERTEX_POINT('',#2931);
#2931 = CARTESIAN_POINT('',(39.25,59.,10.));
#2932 = LINE('',#2933,#2934);
#2933 = CARTESIAN_POINT('',(39.25,51.,10.));
#2934 = VECTOR('',#2935,1.);
#2935 = DIRECTION('',(0.,1.,0.));
#2936 = ORIENTED_EDGE('',*,*,#2937,.F.);
#2937 = EDGE_CURVE('',#2938,#2930,#2940,.T.);
#2938 = VERTEX_POINT('',#2939);
#2939 = CARTESIAN_POINT('',(39.25,59.,0.));
#2940 = LINE('',#2941,#2942);
#2941 = CARTESIAN_POINT('',(39.25,59.,0.));
#2942 = VECTOR('',#2943,1.);
#2943 = DIRECTION('',(0.,0.,1.));
#2944 = ORIENTED_EDGE('',*,*,#2945,.F.);
#2945 = EDGE_CURVE('',#2907,#2938,#2946,.T.);
#2946 = LINE('',#2947,#2948);
#2947 = CARTESIAN_POINT('',(39.25,51.,0.));
#2948 = VECTOR('',#2949,1.);
#2949 = DIRECTION('',(0.,1.,0.));
#2950 = PLANE('',#2951);
#2951 = AXIS2_PLACEMENT_3D('',#2952,#2953,#2954);
#2952 = CARTESIAN_POINT('',(39.25,51.,0.));
#2953 = DIRECTION('',(-1.,0.,0.));
#2954 = DIRECTION('',(0.,1.,0.));
#2955 = ADVANCED_FACE('',(#2956),#2981,.T.);
#2956 = FACE_BOUND('',#2957,.T.);
#2957 = EDGE_LOOP('',(#2958,#2959,#2967,#2975));
#2958 = ORIENTED_EDGE('',*,*,#2937,.T.);
#2959 = ORIENTED_EDGE('',*,*,#2960,.T.);
#2960 = EDGE_CURVE('',#2930,#2961,#2963,.T.);
#2961 = VERTEX_POINT('',#2962);
#2962 = CARTESIAN_POINT('',(37.,59.,10.));
#2963 = LINE('',#2964,#2965);
#2964 = CARTESIAN_POINT('',(39.25,59.,10.));
#2965 = VECTOR('',#2966,1.);
#2966 = DIRECTION('',(-1.,0.,0.));
#2967 = ORIENTED_EDGE('',*,*,#2968,.F.);
#2968 = EDGE_CURVE('',#2969,#2961,#2971,.T.);
#2969 = VERTEX_POINT('',#2970);
#2970 = CARTESIAN_POINT('',(37.,59.,0.));
#2971 = LINE('',#2972,#2973);
#2972 = CARTESIAN_POINT('',(37.,59.,0.));
#2973 = VECTOR('',#2974,1.);
#2974 = DIRECTION('',(0.,0.,1.));
#2975 = ORIENTED_EDGE('',*,*,#2976,.F.);
#2976 = EDGE_CURVE('',#2938,#2969,#2977,.T.);
#2977 = LINE('',#2978,#2979);
#2978 = CARTESIAN_POINT('',(39.25,59.,0.));
#2979 = VECTOR('',#2980,1.);
#2980 = DIRECTION('',(-1.,0.,0.));
#2981 = PLANE('',#2982);
#2982 = AXIS2_PLACEMENT_3D('',#2983,#2984,#2985);
#2983 = CARTESIAN_POINT('',(39.25,59.,0.));
#2984 = DIRECTION('',(0.,-1.,0.));
#2985 = DIRECTION('',(-1.,0.,0.));
#2986 = ADVANCED_FACE('',(#2987),#3012,.T.);
#2987 = FACE_BOUND('',#2988,.T.);
#2988 = EDGE_LOOP('',(#2989,#2990,#2998,#3006));
#2989 = ORIENTED_EDGE('',*,*,#2968,.T.);
#2990 = ORIENTED_EDGE('',*,*,#2991,.T.);
#2991 = EDGE_CURVE('',#2961,#2992,#2994,.T.);
#2992 = VERTEX_POINT('',#2993);
#2993 = CARTESIAN_POINT('',(37.,90.,10.));
#2994 = LINE('',#2995,#2996);
#2995 = CARTESIAN_POINT('',(37.,59.,10.));
#2996 = VECTOR('',#2997,1.);
#2997 = DIRECTION('',(0.,1.,0.));
#2998 = ORIENTED_EDGE('',*,*,#2999,.F.);
#2999 = EDGE_CURVE('',#3000,#2992,#3002,.T.);
#3000 = VERTEX_POINT('',#3001);
#3001 = CARTESIAN_POINT('',(37.,90.,0.));
#3002 = LINE('',#3003,#3004);
#3003 = CARTESIAN_POINT('',(37.,90.,0.));
#3004 = VECTOR('',#3005,1.);
#3005 = DIRECTION('',(0.,0.,1.));
#3006 = ORIENTED_EDGE('',*,*,#3007,.F.);
#3007 = EDGE_CURVE('',#2969,#3000,#3008,.T.);
#3008 = LINE('',#3009,#3010);
#3009 = CARTESIAN_POINT('',(37.,59.,0.));
#3010 = VECTOR('',#3011,1.);
#3011 = DIRECTION('',(0.,1.,0.));
#3012 = PLANE('',#3013);
#3013 = AXIS2_PLACEMENT_3D('',#3014,#3015,#3016);
#3014 = CARTESIAN_POINT('',(37.,59.,0.));
#3015 = DIRECTION('',(-1.,0.,0.));
#3016 = DIRECTION('',(0.,1.,0.));
#3017 = ADVANCED_FACE('',(#3018),#3043,.F.);
#3018 = FACE_BOUND('',#3019,.F.);
#3019 = EDGE_LOOP('',(#3020,#3030,#3036,#3037));
#3020 = ORIENTED_EDGE('',*,*,#3021,.T.);
#3021 = EDGE_CURVE('',#3022,#3024,#3026,.T.);
#3022 = VERTEX_POINT('',#3023);
#3023 = CARTESIAN_POINT('',(75.,90.,0.));
#3024 = VERTEX_POINT('',#3025);
#3025 = CARTESIAN_POINT('',(75.,90.,10.));
#3026 = LINE('',#3027,#3028);
#3027 = CARTESIAN_POINT('',(75.,90.,0.));
#3028 = VECTOR('',#3029,1.);
#3029 = DIRECTION('',(0.,0.,1.));
#3030 = ORIENTED_EDGE('',*,*,#3031,.T.);
#3031 = EDGE_CURVE('',#3024,#2992,#3032,.T.);
#3032 = LINE('',#3033,#3034);
#3033 = CARTESIAN_POINT('',(75.,90.,10.));
#3034 = VECTOR('',#3035,1.);
#3035 = DIRECTION('',(-1.,0.,0.));
#3036 = ORIENTED_EDGE('',*,*,#2999,.F.);
#3037 = ORIENTED_EDGE('',*,*,#3038,.F.);
#3038 = EDGE_CURVE('',#3022,#3000,#3039,.T.);
#3039 = LINE('',#3040,#3041);
#3040 = CARTESIAN_POINT('',(75.,90.,0.));
#3041 = VECTOR('',#3042,1.);
#3042 = DIRECTION('',(-1.,0.,0.));
#3043 = PLANE('',#3044);
#3044 = AXIS2_PLACEMENT_3D('',#3045,#3046,#3047);
#3045 = CARTESIAN_POINT('',(75.,90.,0.));
#3046 = DIRECTION('',(0.,-1.,0.));
#3047 = DIRECTION('',(-1.,0.,0.));
#3048 = ADVANCED_FACE('',(#3049),#3074,.F.);
#3049 = FACE_BOUND('',#3050,.F.);
#3050 = EDGE_LOOP('',(#3051,#3061,#3067,#3068));
#3051 = ORIENTED_EDGE('',*,*,#3052,.T.);
#3052 = EDGE_CURVE('',#3053,#3055,#3057,.T.);
#3053 = VERTEX_POINT('',#3054);
#3054 = CARTESIAN_POINT('',(75.,-130.,0.));
#3055 = VERTEX_POINT('',#3056);
#3056 = CARTESIAN_POINT('',(75.,-130.,10.));
#3057 = LINE('',#3058,#3059);
#3058 = CARTESIAN_POINT('',(75.,-130.,0.));
#3059 = VECTOR('',#3060,1.);
#3060 = DIRECTION('',(0.,0.,1.));
#3061 = ORIENTED_EDGE('',*,*,#3062,.T.);
#3062 = EDGE_CURVE('',#3055,#3024,#3063,.T.);
#3063 = LINE('',#3064,#3065);
#3064 = CARTESIAN_POINT('',(75.,-130.,10.));
#3065 = VECTOR('',#3066,1.);
#3066 = DIRECTION('',(0.,1.,0.));
#3067 = ORIENTED_EDGE('',*,*,#3021,.F.);
#3068 = ORIENTED_EDGE('',*,*,#3069,.F.);
#3069 = EDGE_CURVE('',#3053,#3022,#3070,.T.);
#3070 = LINE('',#3071,#3072);
#3071 = CARTESIAN_POINT('',(75.,-130.,0.));
#3072 = VECTOR('',#3073,1.);
#3073 = DIRECTION('',(0.,1.,0.));
#3074 = PLANE('',#3075);
#3075 = AXIS2_PLACEMENT_3D('',#3076,#3077,#3078);
#3076 = CARTESIAN_POINT('',(75.,-130.,0.));
#3077 = DIRECTION('',(-1.,0.,0.));
#3078 = DIRECTION('',(0.,1.,0.));
#3079 = ADVANCED_FACE('',(#3080),#3096,.T.);
#3080 = FACE_BOUND('',#3081,.T.);
#3081 = EDGE_LOOP('',(#3082,#3088,#3089,#3095));
#3082 = ORIENTED_EDGE('',*,*,#3083,.T.);
#3083 = EDGE_CURVE('',#2256,#3053,#3084,.T.);
#3084 = LINE('',#3085,#3086);
#3085 = CARTESIAN_POINT('',(-75.,-130.,0.));
#3086 = VECTOR('',#3087,1.);
#3087 = DIRECTION('',(1.,0.,0.));
#3088 = ORIENTED_EDGE('',*,*,#3052,.T.);
#3089 = ORIENTED_EDGE('',*,*,#3090,.F.);
#3090 = EDGE_CURVE('',#2248,#3055,#3091,.T.);
#3091 = LINE('',#3092,#3093);
#3092 = CARTESIAN_POINT('',(-75.,-130.,10.));
#3093 = VECTOR('',#3094,1.);
#3094 = DIRECTION('',(1.,0.,0.));
#3095 = ORIENTED_EDGE('',*,*,#2255,.F.);
#3096 = PLANE('',#3097);
#3097 = AXIS2_PLACEMENT_3D('',#3098,#3099,#3100);
#3098 = CARTESIAN_POINT('',(0.,-130.,5.));
#3099 = DIRECTION('',(-0.,-1.,-0.));
#3100 = DIRECTION('',(0.,0.,-1.));
#3101 = ADVANCED_FACE('',(#3102,#3132,#3166,#3200,#3234,#3245,#3256,
    #3275,#3303,#3314,#3325,#3336,#3347,#3358,#3369,#3380,#3391,#3402,
    #3413,#3424,#3435,#3446,#3457,#3468),#3479,.T.);
#3102 = FACE_BOUND('',#3103,.T.);
#3103 = EDGE_LOOP('',(#3104,#3105,#3106,#3107,#3108,#3109,#3110,#3111,
    #3112,#3113,#3114,#3115,#3116,#3117,#3118,#3119,#3120,#3121,#3122,
    #3123,#3124,#3125,#3126,#3127,#3128,#3129,#3130,#3131));
#3104 = ORIENTED_EDGE('',*,*,#2263,.F.);
#3105 = ORIENTED_EDGE('',*,*,#2294,.F.);
#3106 = ORIENTED_EDGE('',*,*,#2325,.T.);
#3107 = ORIENTED_EDGE('',*,*,#2356,.T.);
#3108 = ORIENTED_EDGE('',*,*,#2387,.T.);
#3109 = ORIENTED_EDGE('',*,*,#2418,.T.);
#3110 = ORIENTED_EDGE('',*,*,#2449,.T.);
#3111 = ORIENTED_EDGE('',*,*,#2480,.T.);
#3112 = ORIENTED_EDGE('',*,*,#2511,.T.);
#3113 = ORIENTED_EDGE('',*,*,#2542,.F.);
#3114 = ORIENTED_EDGE('',*,*,#2573,.T.);
#3115 = ORIENTED_EDGE('',*,*,#2604,.T.);
#3116 = ORIENTED_EDGE('',*,*,#2635,.T.);
#3117 = ORIENTED_EDGE('',*,*,#2666,.T.);
#3118 = ORIENTED_EDGE('',*,*,#2697,.T.);
#3119 = ORIENTED_EDGE('',*,*,#2728,.T.);
#3120 = ORIENTED_EDGE('',*,*,#2759,.T.);
#3121 = ORIENTED_EDGE('',*,*,#2790,.F.);
#3122 = ORIENTED_EDGE('',*,*,#2821,.T.);
#3123 = ORIENTED_EDGE('',*,*,#2852,.T.);
#3124 = ORIENTED_EDGE('',*,*,#2883,.T.);
#3125 = ORIENTED_EDGE('',*,*,#2914,.T.);
#3126 = ORIENTED_EDGE('',*,*,#2945,.T.);
#3127 = ORIENTED_EDGE('',*,*,#2976,.T.);
#3128 = ORIENTED_EDGE('',*,*,#3007,.T.);
#3129 = ORIENTED_EDGE('',*,*,#3038,.F.);
#3130 = ORIENTED_EDGE('',*,*,#3069,.F.);
#3131 = ORIENTED_EDGE('',*,*,#3083,.F.);
#3132 = FACE_BOUND('',#3133,.T.);
#3133 = EDGE_LOOP('',(#3134,#3144,#3152,#3160));
#3134 = ORIENTED_EDGE('',*,*,#3135,.T.);
#3135 = EDGE_CURVE('',#3136,#3138,#3140,.T.);
#3136 = VERTEX_POINT('',#3137);
#3137 = CARTESIAN_POINT('',(-12.5,-65.,0.));
#3138 = VERTEX_POINT('',#3139);
#3139 = CARTESIAN_POINT('',(12.5,-65.,0.));
#3140 = LINE('',#3141,#3142);
#3141 = CARTESIAN_POINT('',(-12.5,-65.,0.));
#3142 = VECTOR('',#3143,1.);
#3143 = DIRECTION('',(1.,0.,0.));
#3144 = ORIENTED_EDGE('',*,*,#3145,.T.);
#3145 = EDGE_CURVE('',#3138,#3146,#3148,.T.);
#3146 = VERTEX_POINT('',#3147);
#3147 = CARTESIAN_POINT('',(12.5,63.25,0.));
#3148 = LINE('',#3149,#3150);
#3149 = CARTESIAN_POINT('',(12.5,-65.,0.));
#3150 = VECTOR('',#3151,1.);
#3151 = DIRECTION('',(0.,1.,0.));
#3152 = ORIENTED_EDGE('',*,*,#3153,.T.);
#3153 = EDGE_CURVE('',#3146,#3154,#3156,.T.);
#3154 = VERTEX_POINT('',#3155);
#3155 = CARTESIAN_POINT('',(-12.5,63.25,0.));
#3156 = LINE('',#3157,#3158);
#3157 = CARTESIAN_POINT('',(12.5,63.25,0.));
#3158 = VECTOR('',#3159,1.);
#3159 = DIRECTION('',(-1.,0.,0.));
#3160 = ORIENTED_EDGE('',*,*,#3161,.T.);
#3161 = EDGE_CURVE('',#3154,#3136,#3162,.T.);
#3162 = LINE('',#3163,#3164);
#3163 = CARTESIAN_POINT('',(-12.5,63.25,0.));
#3164 = VECTOR('',#3165,1.);
#3165 = DIRECTION('',(0.,-1.,0.));
#3166 = FACE_BOUND('',#3167,.T.);
#3167 = EDGE_LOOP('',(#3168,#3178,#3186,#3194));
#3168 = ORIENTED_EDGE('',*,*,#3169,.T.);
#3169 = EDGE_CURVE('',#3170,#3172,#3174,.T.);
#3170 = VERTEX_POINT('',#3171);
#3171 = CARTESIAN_POINT('',(39.25,-59.,0.));
#3172 = VERTEX_POINT('',#3173);
#3173 = CARTESIAN_POINT('',(39.25,-51.,0.));
#3174 = LINE('',#3175,#3176);
#3175 = CARTESIAN_POINT('',(39.25,-59.,0.));
#3176 = VECTOR('',#3177,1.);
#3177 = DIRECTION('',(0.,1.,0.));
#3178 = ORIENTED_EDGE('',*,*,#3179,.T.);
#3179 = EDGE_CURVE('',#3172,#3180,#3182,.T.);
#3180 = VERTEX_POINT('',#3181);
#3181 = CARTESIAN_POINT('',(25.75,-51.,0.));
#3182 = LINE('',#3183,#3184);
#3183 = CARTESIAN_POINT('',(39.25,-51.,0.));
#3184 = VECTOR('',#3185,1.);
#3185 = DIRECTION('',(-1.,0.,0.));
#3186 = ORIENTED_EDGE('',*,*,#3187,.T.);
#3187 = EDGE_CURVE('',#3180,#3188,#3190,.T.);
#3188 = VERTEX_POINT('',#3189);
#3189 = CARTESIAN_POINT('',(25.75,-59.,0.));
#3190 = LINE('',#3191,#3192);
#3191 = CARTESIAN_POINT('',(25.75,-51.,0.));
#3192 = VECTOR('',#3193,1.);
#3193 = DIRECTION('',(0.,-1.,0.));
#3194 = ORIENTED_EDGE('',*,*,#3195,.T.);
#3195 = EDGE_CURVE('',#3188,#3170,#3196,.T.);
#3196 = LINE('',#3197,#3198);
#3197 = CARTESIAN_POINT('',(25.75,-59.,0.));
#3198 = VECTOR('',#3199,1.);
#3199 = DIRECTION('',(1.,0.,0.));
#3200 = FACE_BOUND('',#3201,.T.);
#3201 = EDGE_LOOP('',(#3202,#3212,#3220,#3228));
#3202 = ORIENTED_EDGE('',*,*,#3203,.T.);
#3203 = EDGE_CURVE('',#3204,#3206,#3208,.T.);
#3204 = VERTEX_POINT('',#3205);
#3205 = CARTESIAN_POINT('',(-25.75,-59.,0.));
#3206 = VERTEX_POINT('',#3207);
#3207 = CARTESIAN_POINT('',(-25.75,-51.,0.));
#3208 = LINE('',#3209,#3210);
#3209 = CARTESIAN_POINT('',(-25.75,-59.,0.));
#3210 = VECTOR('',#3211,1.);
#3211 = DIRECTION('',(0.,1.,0.));
#3212 = ORIENTED_EDGE('',*,*,#3213,.T.);
#3213 = EDGE_CURVE('',#3206,#3214,#3216,.T.);
#3214 = VERTEX_POINT('',#3215);
#3215 = CARTESIAN_POINT('',(-39.25,-51.,0.));
#3216 = LINE('',#3217,#3218);
#3217 = CARTESIAN_POINT('',(-25.75,-51.,0.));
#3218 = VECTOR('',#3219,1.);
#3219 = DIRECTION('',(-1.,0.,0.));
#3220 = ORIENTED_EDGE('',*,*,#3221,.T.);
#3221 = EDGE_CURVE('',#3214,#3222,#3224,.T.);
#3222 = VERTEX_POINT('',#3223);
#3223 = CARTESIAN_POINT('',(-39.25,-59.,0.));
#3224 = LINE('',#3225,#3226);
#3225 = CARTESIAN_POINT('',(-39.25,-51.,0.));
#3226 = VECTOR('',#3227,1.);
#3227 = DIRECTION('',(0.,-1.,0.));
#3228 = ORIENTED_EDGE('',*,*,#3229,.T.);
#3229 = EDGE_CURVE('',#3222,#3204,#3230,.T.);
#3230 = LINE('',#3231,#3232);
#3231 = CARTESIAN_POINT('',(-39.25,-59.,0.));
#3232 = VECTOR('',#3233,1.);
#3233 = DIRECTION('',(1.,0.,0.));
#3234 = FACE_BOUND('',#3235,.T.);
#3235 = EDGE_LOOP('',(#3236));
#3236 = ORIENTED_EDGE('',*,*,#3237,.T.);
#3237 = EDGE_CURVE('',#3238,#3238,#3240,.T.);
#3238 = VERTEX_POINT('',#3239);
#3239 = CARTESIAN_POINT('',(-50.5,-115.,0.));
#3240 = CIRCLE('',#3241,4.5);
#3241 = AXIS2_PLACEMENT_3D('',#3242,#3243,#3244);
#3242 = CARTESIAN_POINT('',(-55.,-115.,0.));
#3243 = DIRECTION('',(0.,0.,1.));
#3244 = DIRECTION('',(1.,0.,0.));
#3245 = FACE_BOUND('',#3246,.T.);
#3246 = EDGE_LOOP('',(#3247));
#3247 = ORIENTED_EDGE('',*,*,#3248,.T.);
#3248 = EDGE_CURVE('',#3249,#3249,#3251,.T.);
#3249 = VERTEX_POINT('',#3250);
#3250 = CARTESIAN_POINT('',(59.5,-115.,0.));
#3251 = CIRCLE('',#3252,4.5);
#3252 = AXIS2_PLACEMENT_3D('',#3253,#3254,#3255);
#3253 = CARTESIAN_POINT('',(55.,-115.,0.));
#3254 = DIRECTION('',(0.,0.,1.));
#3255 = DIRECTION('',(1.,0.,0.));
#3256 = FACE_BOUND('',#3257,.T.);
#3257 = EDGE_LOOP('',(#3258,#3269));
#3258 = ORIENTED_EDGE('',*,*,#3259,.T.);
#3259 = EDGE_CURVE('',#3260,#3262,#3264,.T.);
#3260 = VERTEX_POINT('',#3261);
#3261 = CARTESIAN_POINT('',(-37.,-110.9688711258,0.));
#3262 = VERTEX_POINT('',#3263);
#3263 = CARTESIAN_POINT('',(-37.,-119.0311288741,0.));
#3264 = CIRCLE('',#3265,4.5);
#3265 = AXIS2_PLACEMENT_3D('',#3266,#3267,#3268);
#3266 = CARTESIAN_POINT('',(-35.,-115.,0.));
#3267 = DIRECTION('',(0.,0.,1.));
#3268 = DIRECTION('',(1.,0.,0.));
#3269 = ORIENTED_EDGE('',*,*,#3270,.F.);
#3270 = EDGE_CURVE('',#3260,#3262,#3271,.T.);
#3271 = LINE('',#3272,#3273);
#3272 = CARTESIAN_POINT('',(-37.,-59.,0.));
#3273 = VECTOR('',#3274,1.);
#3274 = DIRECTION('',(0.,-1.,0.));
#3275 = FACE_BOUND('',#3276,.T.);
#3276 = EDGE_LOOP('',(#3277,#3288,#3297));
#3277 = ORIENTED_EDGE('',*,*,#3278,.T.);
#3278 = EDGE_CURVE('',#3279,#3281,#3283,.T.);
#3279 = VERTEX_POINT('',#3280);
#3280 = CARTESIAN_POINT('',(37.,-119.0311288741,0.));
#3281 = VERTEX_POINT('',#3282);
#3282 = CARTESIAN_POINT('',(39.5,-115.,0.));
#3283 = CIRCLE('',#3284,4.5);
#3284 = AXIS2_PLACEMENT_3D('',#3285,#3286,#3287);
#3285 = CARTESIAN_POINT('',(35.,-115.,0.));
#3286 = DIRECTION('',(0.,0.,1.));
#3287 = DIRECTION('',(1.,0.,0.));
#3288 = ORIENTED_EDGE('',*,*,#3289,.T.);
#3289 = EDGE_CURVE('',#3281,#3290,#3292,.T.);
#3290 = VERTEX_POINT('',#3291);
#3291 = CARTESIAN_POINT('',(37.,-110.9688711258,0.));
#3292 = CIRCLE('',#3293,4.5);
#3293 = AXIS2_PLACEMENT_3D('',#3294,#3295,#3296);
#3294 = CARTESIAN_POINT('',(35.,-115.,0.));
#3295 = DIRECTION('',(0.,0.,1.));
#3296 = DIRECTION('',(1.,0.,0.));
#3297 = ORIENTED_EDGE('',*,*,#3298,.F.);
#3298 = EDGE_CURVE('',#3279,#3290,#3299,.T.);
#3299 = LINE('',#3300,#3301);
#3300 = CARTESIAN_POINT('',(37.,-130.,0.));
#3301 = VECTOR('',#3302,1.);
#3302 = DIRECTION('',(0.,1.,0.));
#3303 = FACE_BOUND('',#3304,.T.);
#3304 = EDGE_LOOP('',(#3305));
#3305 = ORIENTED_EDGE('',*,*,#3306,.T.);
#3306 = EDGE_CURVE('',#3307,#3307,#3309,.T.);
#3307 = VERTEX_POINT('',#3308);
#3308 = CARTESIAN_POINT('',(44.25,65.,0.));
#3309 = CIRCLE('',#3310,1.75);
#3310 = AXIS2_PLACEMENT_3D('',#3311,#3312,#3313);
#3311 = CARTESIAN_POINT('',(42.5,65.,0.));
#3312 = DIRECTION('',(0.,0.,1.));
#3313 = DIRECTION('',(1.,0.,0.));
#3314 = FACE_BOUND('',#3315,.T.);
#3315 = EDGE_LOOP('',(#3316));
#3316 = ORIENTED_EDGE('',*,*,#3317,.T.);
#3317 = EDGE_CURVE('',#3318,#3318,#3320,.T.);
#3318 = VERTEX_POINT('',#3319);
#3319 = CARTESIAN_POINT('',(44.25,45.,0.));
#3320 = CIRCLE('',#3321,1.75);
#3321 = AXIS2_PLACEMENT_3D('',#3322,#3323,#3324);
#3322 = CARTESIAN_POINT('',(42.5,45.,0.));
#3323 = DIRECTION('',(0.,0.,1.));
#3324 = DIRECTION('',(1.,0.,0.));
#3325 = FACE_BOUND('',#3326,.T.);
#3326 = EDGE_LOOP('',(#3327));
#3327 = ORIENTED_EDGE('',*,*,#3328,.T.);
#3328 = EDGE_CURVE('',#3329,#3329,#3331,.T.);
#3329 = VERTEX_POINT('',#3330);
#3330 = CARTESIAN_POINT('',(24.25,65.,0.));
#3331 = CIRCLE('',#3332,1.75);
#3332 = AXIS2_PLACEMENT_3D('',#3333,#3334,#3335);
#3333 = CARTESIAN_POINT('',(22.5,65.,0.));
#3334 = DIRECTION('',(0.,0.,1.));
#3335 = DIRECTION('',(1.,0.,0.));
#3336 = FACE_BOUND('',#3337,.T.);
#3337 = EDGE_LOOP('',(#3338));
#3338 = ORIENTED_EDGE('',*,*,#3339,.T.);
#3339 = EDGE_CURVE('',#3340,#3340,#3342,.T.);
#3340 = VERTEX_POINT('',#3341);
#3341 = CARTESIAN_POINT('',(24.25,45.,0.));
#3342 = CIRCLE('',#3343,1.75);
#3343 = AXIS2_PLACEMENT_3D('',#3344,#3345,#3346);
#3344 = CARTESIAN_POINT('',(22.5,45.,0.));
#3345 = DIRECTION('',(0.,0.,1.));
#3346 = DIRECTION('',(1.,0.,0.));
#3347 = FACE_BOUND('',#3348,.T.);
#3348 = EDGE_LOOP('',(#3349));
#3349 = ORIENTED_EDGE('',*,*,#3350,.T.);
#3350 = EDGE_CURVE('',#3351,#3351,#3353,.T.);
#3351 = VERTEX_POINT('',#3352);
#3352 = CARTESIAN_POINT('',(-20.75,65.,0.));
#3353 = CIRCLE('',#3354,1.75);
#3354 = AXIS2_PLACEMENT_3D('',#3355,#3356,#3357);
#3355 = CARTESIAN_POINT('',(-22.5,65.,0.));
#3356 = DIRECTION('',(0.,0.,1.));
#3357 = DIRECTION('',(1.,0.,0.));
#3358 = FACE_BOUND('',#3359,.T.);
#3359 = EDGE_LOOP('',(#3360));
#3360 = ORIENTED_EDGE('',*,*,#3361,.T.);
#3361 = EDGE_CURVE('',#3362,#3362,#3364,.T.);
#3362 = VERTEX_POINT('',#3363);
#3363 = CARTESIAN_POINT('',(-20.75,45.,0.));
#3364 = CIRCLE('',#3365,1.75);
#3365 = AXIS2_PLACEMENT_3D('',#3366,#3367,#3368);
#3366 = CARTESIAN_POINT('',(-22.5,45.,0.));
#3367 = DIRECTION('',(0.,0.,1.));
#3368 = DIRECTION('',(1.,0.,0.));
#3369 = FACE_BOUND('',#3370,.T.);
#3370 = EDGE_LOOP('',(#3371));
#3371 = ORIENTED_EDGE('',*,*,#3372,.T.);
#3372 = EDGE_CURVE('',#3373,#3373,#3375,.T.);
#3373 = VERTEX_POINT('',#3374);
#3374 = CARTESIAN_POINT('',(-40.75,65.,0.));
#3375 = CIRCLE('',#3376,1.75);
#3376 = AXIS2_PLACEMENT_3D('',#3377,#3378,#3379);
#3377 = CARTESIAN_POINT('',(-42.5,65.,0.));
#3378 = DIRECTION('',(0.,0.,1.));
#3379 = DIRECTION('',(1.,0.,0.));
#3380 = FACE_BOUND('',#3381,.T.);
#3381 = EDGE_LOOP('',(#3382));
#3382 = ORIENTED_EDGE('',*,*,#3383,.T.);
#3383 = EDGE_CURVE('',#3384,#3384,#3386,.T.);
#3384 = VERTEX_POINT('',#3385);
#3385 = CARTESIAN_POINT('',(-40.75,45.,0.));
#3386 = CIRCLE('',#3387,1.75);
#3387 = AXIS2_PLACEMENT_3D('',#3388,#3389,#3390);
#3388 = CARTESIAN_POINT('',(-42.5,45.,0.));
#3389 = DIRECTION('',(0.,0.,1.));
#3390 = DIRECTION('',(1.,0.,0.));
#3391 = FACE_BOUND('',#3392,.T.);
#3392 = EDGE_LOOP('',(#3393));
#3393 = ORIENTED_EDGE('',*,*,#3394,.T.);
#3394 = EDGE_CURVE('',#3395,#3395,#3397,.T.);
#3395 = VERTEX_POINT('',#3396);
#3396 = CARTESIAN_POINT('',(44.25,-45.,0.));
#3397 = CIRCLE('',#3398,1.75);
#3398 = AXIS2_PLACEMENT_3D('',#3399,#3400,#3401);
#3399 = CARTESIAN_POINT('',(42.5,-45.,0.));
#3400 = DIRECTION('',(0.,0.,1.));
#3401 = DIRECTION('',(1.,0.,0.));
#3402 = FACE_BOUND('',#3403,.T.);
#3403 = EDGE_LOOP('',(#3404));
#3404 = ORIENTED_EDGE('',*,*,#3405,.T.);
#3405 = EDGE_CURVE('',#3406,#3406,#3408,.T.);
#3406 = VERTEX_POINT('',#3407);
#3407 = CARTESIAN_POINT('',(44.25,-65.,0.));
#3408 = CIRCLE('',#3409,1.75);
#3409 = AXIS2_PLACEMENT_3D('',#3410,#3411,#3412);
#3410 = CARTESIAN_POINT('',(42.5,-65.,0.));
#3411 = DIRECTION('',(0.,0.,1.));
#3412 = DIRECTION('',(1.,0.,0.));
#3413 = FACE_BOUND('',#3414,.T.);
#3414 = EDGE_LOOP('',(#3415));
#3415 = ORIENTED_EDGE('',*,*,#3416,.T.);
#3416 = EDGE_CURVE('',#3417,#3417,#3419,.T.);
#3417 = VERTEX_POINT('',#3418);
#3418 = CARTESIAN_POINT('',(24.25,-45.,0.));
#3419 = CIRCLE('',#3420,1.75);
#3420 = AXIS2_PLACEMENT_3D('',#3421,#3422,#3423);
#3421 = CARTESIAN_POINT('',(22.5,-45.,0.));
#3422 = DIRECTION('',(0.,0.,1.));
#3423 = DIRECTION('',(1.,0.,0.));
#3424 = FACE_BOUND('',#3425,.T.);
#3425 = EDGE_LOOP('',(#3426));
#3426 = ORIENTED_EDGE('',*,*,#3427,.T.);
#3427 = EDGE_CURVE('',#3428,#3428,#3430,.T.);
#3428 = VERTEX_POINT('',#3429);
#3429 = CARTESIAN_POINT('',(24.25,-65.,0.));
#3430 = CIRCLE('',#3431,1.75);
#3431 = AXIS2_PLACEMENT_3D('',#3432,#3433,#3434);
#3432 = CARTESIAN_POINT('',(22.5,-65.,0.));
#3433 = DIRECTION('',(0.,0.,1.));
#3434 = DIRECTION('',(1.,0.,0.));
#3435 = FACE_BOUND('',#3436,.T.);
#3436 = EDGE_LOOP('',(#3437));
#3437 = ORIENTED_EDGE('',*,*,#3438,.T.);
#3438 = EDGE_CURVE('',#3439,#3439,#3441,.T.);
#3439 = VERTEX_POINT('',#3440);
#3440 = CARTESIAN_POINT('',(-20.75,-45.,0.));
#3441 = CIRCLE('',#3442,1.75);
#3442 = AXIS2_PLACEMENT_3D('',#3443,#3444,#3445);
#3443 = CARTESIAN_POINT('',(-22.5,-45.,0.));
#3444 = DIRECTION('',(0.,0.,1.));
#3445 = DIRECTION('',(1.,0.,0.));
#3446 = FACE_BOUND('',#3447,.T.);
#3447 = EDGE_LOOP('',(#3448));
#3448 = ORIENTED_EDGE('',*,*,#3449,.T.);
#3449 = EDGE_CURVE('',#3450,#3450,#3452,.T.);
#3450 = VERTEX_POINT('',#3451);
#3451 = CARTESIAN_POINT('',(-20.75,-65.,0.));
#3452 = CIRCLE('',#3453,1.75);
#3453 = AXIS2_PLACEMENT_3D('',#3454,#3455,#3456);
#3454 = CARTESIAN_POINT('',(-22.5,-65.,0.));
#3455 = DIRECTION('',(0.,0.,1.));
#3456 = DIRECTION('',(1.,0.,0.));
#3457 = FACE_BOUND('',#3458,.T.);
#3458 = EDGE_LOOP('',(#3459));
#3459 = ORIENTED_EDGE('',*,*,#3460,.T.);
#3460 = EDGE_CURVE('',#3461,#3461,#3463,.T.);
#3461 = VERTEX_POINT('',#3462);
#3462 = CARTESIAN_POINT('',(-40.75,-45.,0.));
#3463 = CIRCLE('',#3464,1.75);
#3464 = AXIS2_PLACEMENT_3D('',#3465,#3466,#3467);
#3465 = CARTESIAN_POINT('',(-42.5,-45.,0.));
#3466 = DIRECTION('',(0.,0.,1.));
#3467 = DIRECTION('',(1.,0.,0.));
#3468 = FACE_BOUND('',#3469,.T.);
#3469 = EDGE_LOOP('',(#3470));
#3470 = ORIENTED_EDGE('',*,*,#3471,.T.);
#3471 = EDGE_CURVE('',#3472,#3472,#3474,.T.);
#3472 = VERTEX_POINT('',#3473);
#3473 = CARTESIAN_POINT('',(-40.75,-65.,0.));
#3474 = CIRCLE('',#3475,1.75);
#3475 = AXIS2_PLACEMENT_3D('',#3476,#3477,#3478);
#3476 = CARTESIAN_POINT('',(-42.5,-65.,0.));
#3477 = DIRECTION('',(0.,0.,1.));
#3478 = DIRECTION('',(1.,0.,0.));
#3479 = PLANE('',#3480);
#3480 = AXIS2_PLACEMENT_3D('',#3481,#3482,#3483);
#3481 = CARTESIAN_POINT('',(0.,5.098855359001E-02,0.));
#3482 = DIRECTION('',(-0.,-0.,-1.));
#3483 = DIRECTION('',(-1.,0.,0.));
#3484 = ADVANCED_FACE('',(#3485),#3510,.T.);
#3485 = FACE_BOUND('',#3486,.T.);
#3486 = EDGE_LOOP('',(#3487,#3495,#3503,#3509));
#3487 = ORIENTED_EDGE('',*,*,#3488,.T.);
#3488 = EDGE_CURVE('',#3136,#3489,#3491,.T.);
#3489 = VERTEX_POINT('',#3490);
#3490 = CARTESIAN_POINT('',(-12.5,-65.,10.));
#3491 = LINE('',#3492,#3493);
#3492 = CARTESIAN_POINT('',(-12.5,-65.,0.));
#3493 = VECTOR('',#3494,1.);
#3494 = DIRECTION('',(0.,0.,1.));
#3495 = ORIENTED_EDGE('',*,*,#3496,.T.);
#3496 = EDGE_CURVE('',#3489,#3497,#3499,.T.);
#3497 = VERTEX_POINT('',#3498);
#3498 = CARTESIAN_POINT('',(12.5,-65.,10.));
#3499 = LINE('',#3500,#3501);
#3500 = CARTESIAN_POINT('',(-12.5,-65.,10.));
#3501 = VECTOR('',#3502,1.);
#3502 = DIRECTION('',(1.,0.,0.));
#3503 = ORIENTED_EDGE('',*,*,#3504,.F.);
#3504 = EDGE_CURVE('',#3138,#3497,#3505,.T.);
#3505 = LINE('',#3506,#3507);
#3506 = CARTESIAN_POINT('',(12.5,-65.,0.));
#3507 = VECTOR('',#3508,1.);
#3508 = DIRECTION('',(0.,0.,1.));
#3509 = ORIENTED_EDGE('',*,*,#3135,.F.);
#3510 = PLANE('',#3511);
#3511 = AXIS2_PLACEMENT_3D('',#3512,#3513,#3514);
#3512 = CARTESIAN_POINT('',(-12.5,-65.,0.));
#3513 = DIRECTION('',(0.,1.,0.));
#3514 = DIRECTION('',(1.,0.,0.));
#3515 = ADVANCED_FACE('',(#3516),#3534,.T.);
#3516 = FACE_BOUND('',#3517,.T.);
#3517 = EDGE_LOOP('',(#3518,#3526,#3532,#3533));
#3518 = ORIENTED_EDGE('',*,*,#3519,.T.);
#3519 = EDGE_CURVE('',#3154,#3520,#3522,.T.);
#3520 = VERTEX_POINT('',#3521);
#3521 = CARTESIAN_POINT('',(-12.5,63.25,10.));
#3522 = LINE('',#3523,#3524);
#3523 = CARTESIAN_POINT('',(-12.5,63.25,0.));
#3524 = VECTOR('',#3525,1.);
#3525 = DIRECTION('',(0.,0.,1.));
#3526 = ORIENTED_EDGE('',*,*,#3527,.T.);
#3527 = EDGE_CURVE('',#3520,#3489,#3528,.T.);
#3528 = LINE('',#3529,#3530);
#3529 = CARTESIAN_POINT('',(-12.5,63.25,10.));
#3530 = VECTOR('',#3531,1.);
#3531 = DIRECTION('',(0.,-1.,0.));
#3532 = ORIENTED_EDGE('',*,*,#3488,.F.);
#3533 = ORIENTED_EDGE('',*,*,#3161,.F.);
#3534 = PLANE('',#3535);
#3535 = AXIS2_PLACEMENT_3D('',#3536,#3537,#3538);
#3536 = CARTESIAN_POINT('',(-12.5,63.25,0.));
#3537 = DIRECTION('',(1.,0.,0.));
#3538 = DIRECTION('',(0.,-1.,0.));
#3539 = ADVANCED_FACE('',(#3540),#3558,.T.);
#3540 = FACE_BOUND('',#3541,.T.);
#3541 = EDGE_LOOP('',(#3542,#3543,#3551,#3557));
#3542 = ORIENTED_EDGE('',*,*,#3504,.T.);
#3543 = ORIENTED_EDGE('',*,*,#3544,.T.);
#3544 = EDGE_CURVE('',#3497,#3545,#3547,.T.);
#3545 = VERTEX_POINT('',#3546);
#3546 = CARTESIAN_POINT('',(12.5,63.25,10.));
#3547 = LINE('',#3548,#3549);
#3548 = CARTESIAN_POINT('',(12.5,-65.,10.));
#3549 = VECTOR('',#3550,1.);
#3550 = DIRECTION('',(0.,1.,0.));
#3551 = ORIENTED_EDGE('',*,*,#3552,.F.);
#3552 = EDGE_CURVE('',#3146,#3545,#3553,.T.);
#3553 = LINE('',#3554,#3555);
#3554 = CARTESIAN_POINT('',(12.5,63.25,0.));
#3555 = VECTOR('',#3556,1.);
#3556 = DIRECTION('',(0.,0.,1.));
#3557 = ORIENTED_EDGE('',*,*,#3145,.F.);
#3558 = PLANE('',#3559);
#3559 = AXIS2_PLACEMENT_3D('',#3560,#3561,#3562);
#3560 = CARTESIAN_POINT('',(12.5,-65.,0.));
#3561 = DIRECTION('',(-1.,0.,0.));
#3562 = DIRECTION('',(0.,1.,0.));
#3563 = ADVANCED_FACE('',(#3564),#3575,.T.);
#3564 = FACE_BOUND('',#3565,.T.);
#3565 = EDGE_LOOP('',(#3566,#3567,#3573,#3574));
#3566 = ORIENTED_EDGE('',*,*,#3552,.T.);
#3567 = ORIENTED_EDGE('',*,*,#3568,.T.);
#3568 = EDGE_CURVE('',#3545,#3520,#3569,.T.);
#3569 = LINE('',#3570,#3571);
#3570 = CARTESIAN_POINT('',(12.5,63.25,10.));
#3571 = VECTOR('',#3572,1.);
#3572 = DIRECTION('',(-1.,0.,0.));
#3573 = ORIENTED_EDGE('',*,*,#3519,.F.);
#3574 = ORIENTED_EDGE('',*,*,#3153,.F.);
#3575 = PLANE('',#3576);
#3576 = AXIS2_PLACEMENT_3D('',#3577,#3578,#3579);
#3577 = CARTESIAN_POINT('',(12.5,63.25,0.));
#3578 = DIRECTION('',(0.,-1.,0.));
#3579 = DIRECTION('',(-1.,0.,0.));
#3580 = ADVANCED_FACE('',(#3581),#3606,.T.);
#3581 = FACE_BOUND('',#3582,.T.);
#3582 = EDGE_LOOP('',(#3583,#3591,#3599,#3605));
#3583 = ORIENTED_EDGE('',*,*,#3584,.T.);
#3584 = EDGE_CURVE('',#3170,#3585,#3587,.T.);
#3585 = VERTEX_POINT('',#3586);
#3586 = CARTESIAN_POINT('',(39.25,-59.,10.));
#3587 = LINE('',#3588,#3589);
#3588 = CARTESIAN_POINT('',(39.25,-59.,0.));
#3589 = VECTOR('',#3590,1.);
#3590 = DIRECTION('',(0.,0.,1.));
#3591 = ORIENTED_EDGE('',*,*,#3592,.T.);
#3592 = EDGE_CURVE('',#3585,#3593,#3595,.T.);
#3593 = VERTEX_POINT('',#3594);
#3594 = CARTESIAN_POINT('',(39.25,-51.,10.));
#3595 = LINE('',#3596,#3597);
#3596 = CARTESIAN_POINT('',(39.25,-59.,10.));
#3597 = VECTOR('',#3598,1.);
#3598 = DIRECTION('',(0.,1.,0.));
#3599 = ORIENTED_EDGE('',*,*,#3600,.F.);
#3600 = EDGE_CURVE('',#3172,#3593,#3601,.T.);
#3601 = LINE('',#3602,#3603);
#3602 = CARTESIAN_POINT('',(39.25,-51.,0.));
#3603 = VECTOR('',#3604,1.);
#3604 = DIRECTION('',(0.,0.,1.));
#3605 = ORIENTED_EDGE('',*,*,#3169,.F.);
#3606 = PLANE('',#3607);
#3607 = AXIS2_PLACEMENT_3D('',#3608,#3609,#3610);
#3608 = CARTESIAN_POINT('',(39.25,-59.,0.));
#3609 = DIRECTION('',(-1.,0.,0.));
#3610 = DIRECTION('',(0.,1.,0.));
#3611 = ADVANCED_FACE('',(#3612),#3630,.T.);
#3612 = FACE_BOUND('',#3613,.T.);
#3613 = EDGE_LOOP('',(#3614,#3615,#3623,#3629));
#3614 = ORIENTED_EDGE('',*,*,#3600,.T.);
#3615 = ORIENTED_EDGE('',*,*,#3616,.T.);
#3616 = EDGE_CURVE('',#3593,#3617,#3619,.T.);
#3617 = VERTEX_POINT('',#3618);
#3618 = CARTESIAN_POINT('',(25.75,-51.,10.));
#3619 = LINE('',#3620,#3621);
#3620 = CARTESIAN_POINT('',(39.25,-51.,10.));
#3621 = VECTOR('',#3622,1.);
#3622 = DIRECTION('',(-1.,0.,0.));
#3623 = ORIENTED_EDGE('',*,*,#3624,.F.);
#3624 = EDGE_CURVE('',#3180,#3617,#3625,.T.);
#3625 = LINE('',#3626,#3627);
#3626 = CARTESIAN_POINT('',(25.75,-51.,0.));
#3627 = VECTOR('',#3628,1.);
#3628 = DIRECTION('',(0.,0.,1.));
#3629 = ORIENTED_EDGE('',*,*,#3179,.F.);
#3630 = PLANE('',#3631);
#3631 = AXIS2_PLACEMENT_3D('',#3632,#3633,#3634);
#3632 = CARTESIAN_POINT('',(39.25,-51.,0.));
#3633 = DIRECTION('',(0.,-1.,0.));
#3634 = DIRECTION('',(-1.,0.,0.));
#3635 = ADVANCED_FACE('',(#3636),#3654,.T.);
#3636 = FACE_BOUND('',#3637,.T.);
#3637 = EDGE_LOOP('',(#3638,#3639,#3647,#3653));
#3638 = ORIENTED_EDGE('',*,*,#3624,.T.);
#3639 = ORIENTED_EDGE('',*,*,#3640,.T.);
#3640 = EDGE_CURVE('',#3617,#3641,#3643,.T.);
#3641 = VERTEX_POINT('',#3642);
#3642 = CARTESIAN_POINT('',(25.75,-59.,10.));
#3643 = LINE('',#3644,#3645);
#3644 = CARTESIAN_POINT('',(25.75,-51.,10.));
#3645 = VECTOR('',#3646,1.);
#3646 = DIRECTION('',(0.,-1.,0.));
#3647 = ORIENTED_EDGE('',*,*,#3648,.F.);
#3648 = EDGE_CURVE('',#3188,#3641,#3649,.T.);
#3649 = LINE('',#3650,#3651);
#3650 = CARTESIAN_POINT('',(25.75,-59.,0.));
#3651 = VECTOR('',#3652,1.);
#3652 = DIRECTION('',(0.,0.,1.));
#3653 = ORIENTED_EDGE('',*,*,#3187,.F.);
#3654 = PLANE('',#3655);
#3655 = AXIS2_PLACEMENT_3D('',#3656,#3657,#3658);
#3656 = CARTESIAN_POINT('',(25.75,-51.,0.));
#3657 = DIRECTION('',(1.,0.,0.));
#3658 = DIRECTION('',(0.,-1.,0.));
#3659 = ADVANCED_FACE('',(#3660),#3685,.T.);
#3660 = FACE_BOUND('',#3661,.T.);
#3661 = EDGE_LOOP('',(#3662,#3670,#3678,#3684));
#3662 = ORIENTED_EDGE('',*,*,#3663,.T.);
#3663 = EDGE_CURVE('',#3204,#3664,#3666,.T.);
#3664 = VERTEX_POINT('',#3665);
#3665 = CARTESIAN_POINT('',(-25.75,-59.,10.));
#3666 = LINE('',#3667,#3668);
#3667 = CARTESIAN_POINT('',(-25.75,-59.,0.));
#3668 = VECTOR('',#3669,1.);
#3669 = DIRECTION('',(0.,0.,1.));
#3670 = ORIENTED_EDGE('',*,*,#3671,.T.);
#3671 = EDGE_CURVE('',#3664,#3672,#3674,.T.);
#3672 = VERTEX_POINT('',#3673);
#3673 = CARTESIAN_POINT('',(-25.75,-51.,10.));
#3674 = LINE('',#3675,#3676);
#3675 = CARTESIAN_POINT('',(-25.75,-59.,10.));
#3676 = VECTOR('',#3677,1.);
#3677 = DIRECTION('',(0.,1.,0.));
#3678 = ORIENTED_EDGE('',*,*,#3679,.F.);
#3679 = EDGE_CURVE('',#3206,#3672,#3680,.T.);
#3680 = LINE('',#3681,#3682);
#3681 = CARTESIAN_POINT('',(-25.75,-51.,0.));
#3682 = VECTOR('',#3683,1.);
#3683 = DIRECTION('',(0.,0.,1.));
#3684 = ORIENTED_EDGE('',*,*,#3203,.F.);
#3685 = PLANE('',#3686);
#3686 = AXIS2_PLACEMENT_3D('',#3687,#3688,#3689);
#3687 = CARTESIAN_POINT('',(-25.75,-59.,0.));
#3688 = DIRECTION('',(-1.,0.,0.));
#3689 = DIRECTION('',(0.,1.,0.));
#3690 = ADVANCED_FACE('',(#3691),#3709,.T.);
#3691 = FACE_BOUND('',#3692,.T.);
#3692 = EDGE_LOOP('',(#3693,#3694,#3702,#3708));
#3693 = ORIENTED_EDGE('',*,*,#3679,.T.);
#3694 = ORIENTED_EDGE('',*,*,#3695,.T.);
#3695 = EDGE_CURVE('',#3672,#3696,#3698,.T.);
#3696 = VERTEX_POINT('',#3697);
#3697 = CARTESIAN_POINT('',(-39.25,-51.,10.));
#3698 = LINE('',#3699,#3700);
#3699 = CARTESIAN_POINT('',(-25.75,-51.,10.));
#3700 = VECTOR('',#3701,1.);
#3701 = DIRECTION('',(-1.,0.,0.));
#3702 = ORIENTED_EDGE('',*,*,#3703,.F.);
#3703 = EDGE_CURVE('',#3214,#3696,#3704,.T.);
#3704 = LINE('',#3705,#3706);
#3705 = CARTESIAN_POINT('',(-39.25,-51.,0.));
#3706 = VECTOR('',#3707,1.);
#3707 = DIRECTION('',(0.,0.,1.));
#3708 = ORIENTED_EDGE('',*,*,#3213,.F.);
#3709 = PLANE('',#3710);
#3710 = AXIS2_PLACEMENT_3D('',#3711,#3712,#3713);
#3711 = CARTESIAN_POINT('',(-25.75,-51.,0.));
#3712 = DIRECTION('',(0.,-1.,0.));
#3713 = DIRECTION('',(-1.,0.,0.));
#3714 = ADVANCED_FACE('',(#3715),#3733,.T.);
#3715 = FACE_BOUND('',#3716,.T.);
#3716 = EDGE_LOOP('',(#3717,#3718,#3726,#3732));
#3717 = ORIENTED_EDGE('',*,*,#3703,.T.);
#3718 = ORIENTED_EDGE('',*,*,#3719,.T.);
#3719 = EDGE_CURVE('',#3696,#3720,#3722,.T.);
#3720 = VERTEX_POINT('',#3721);
#3721 = CARTESIAN_POINT('',(-39.25,-59.,10.));
#3722 = LINE('',#3723,#3724);
#3723 = CARTESIAN_POINT('',(-39.25,-51.,10.));
#3724 = VECTOR('',#3725,1.);
#3725 = DIRECTION('',(0.,-1.,0.));
#3726 = ORIENTED_EDGE('',*,*,#3727,.F.);
#3727 = EDGE_CURVE('',#3222,#3720,#3728,.T.);
#3728 = LINE('',#3729,#3730);
#3729 = CARTESIAN_POINT('',(-39.25,-59.,0.));
#3730 = VECTOR('',#3731,1.);
#3731 = DIRECTION('',(0.,0.,1.));
#3732 = ORIENTED_EDGE('',*,*,#3221,.F.);
#3733 = PLANE('',#3734);
#3734 = AXIS2_PLACEMENT_3D('',#3735,#3736,#3737);
#3735 = CARTESIAN_POINT('',(-39.25,-51.,0.));
#3736 = DIRECTION('',(1.,0.,0.));
#3737 = DIRECTION('',(0.,-1.,0.));
#3738 = ADVANCED_FACE('',(#3739),#3758,.F.);
#3739 = FACE_BOUND('',#3740,.T.);
#3740 = EDGE_LOOP('',(#3741,#3749,#3756,#3757));
#3741 = ORIENTED_EDGE('',*,*,#3742,.T.);
#3742 = EDGE_CURVE('',#3238,#3743,#3745,.T.);
#3743 = VERTEX_POINT('',#3744);
#3744 = CARTESIAN_POINT('',(-50.5,-115.,10.));
#3745 = LINE('',#3746,#3747);
#3746 = CARTESIAN_POINT('',(-50.5,-115.,0.));
#3747 = VECTOR('',#3748,1.);
#3748 = DIRECTION('',(0.,0.,1.));
#3749 = ORIENTED_EDGE('',*,*,#3750,.T.);
#3750 = EDGE_CURVE('',#3743,#3743,#3751,.T.);
#3751 = CIRCLE('',#3752,4.5);
#3752 = AXIS2_PLACEMENT_3D('',#3753,#3754,#3755);
#3753 = CARTESIAN_POINT('',(-55.,-115.,10.));
#3754 = DIRECTION('',(0.,0.,1.));
#3755 = DIRECTION('',(1.,0.,0.));
#3756 = ORIENTED_EDGE('',*,*,#3742,.F.);
#3757 = ORIENTED_EDGE('',*,*,#3237,.F.);
#3758 = CYLINDRICAL_SURFACE('',#3759,4.5);
#3759 = AXIS2_PLACEMENT_3D('',#3760,#3761,#3762);
#3760 = CARTESIAN_POINT('',(-55.,-115.,0.));
#3761 = DIRECTION('',(-0.,-0.,-1.));
#3762 = DIRECTION('',(1.,0.,0.));
#3763 = ADVANCED_FACE('',(#3764),#3783,.F.);
#3764 = FACE_BOUND('',#3765,.T.);
#3765 = EDGE_LOOP('',(#3766,#3774,#3781,#3782));
#3766 = ORIENTED_EDGE('',*,*,#3767,.T.);
#3767 = EDGE_CURVE('',#3249,#3768,#3770,.T.);
#3768 = VERTEX_POINT('',#3769);
#3769 = CARTESIAN_POINT('',(59.5,-115.,10.));
#3770 = LINE('',#3771,#3772);
#3771 = CARTESIAN_POINT('',(59.5,-115.,0.));
#3772 = VECTOR('',#3773,1.);
#3773 = DIRECTION('',(0.,0.,1.));
#3774 = ORIENTED_EDGE('',*,*,#3775,.T.);
#3775 = EDGE_CURVE('',#3768,#3768,#3776,.T.);
#3776 = CIRCLE('',#3777,4.5);
#3777 = AXIS2_PLACEMENT_3D('',#3778,#3779,#3780);
#3778 = CARTESIAN_POINT('',(55.,-115.,10.));
#3779 = DIRECTION('',(0.,0.,1.));
#3780 = DIRECTION('',(1.,0.,0.));
#3781 = ORIENTED_EDGE('',*,*,#3767,.F.);
#3782 = ORIENTED_EDGE('',*,*,#3248,.F.);
#3783 = CYLINDRICAL_SURFACE('',#3784,4.5);
#3784 = AXIS2_PLACEMENT_3D('',#3785,#3786,#3787);
#3785 = CARTESIAN_POINT('',(55.,-115.,0.));
#3786 = DIRECTION('',(-0.,-0.,-1.));
#3787 = DIRECTION('',(1.,0.,0.));
#3788 = ADVANCED_FACE('',(#3789),#3815,.F.);
#3789 = FACE_BOUND('',#3790,.T.);
#3790 = EDGE_LOOP('',(#3791,#3792,#3800,#3809));
#3791 = ORIENTED_EDGE('',*,*,#3259,.F.);
#3792 = ORIENTED_EDGE('',*,*,#3793,.F.);
#3793 = EDGE_CURVE('',#3794,#3260,#3796,.T.);
#3794 = VERTEX_POINT('',#3795);
#3795 = CARTESIAN_POINT('',(-37.,-110.9688711258,10.));
#3796 = LINE('',#3797,#3798);
#3797 = CARTESIAN_POINT('',(-37.,-110.9688711258,0.));
#3798 = VECTOR('',#3799,1.);
#3799 = DIRECTION('',(-0.,-0.,-1.));
#3800 = ORIENTED_EDGE('',*,*,#3801,.T.);
#3801 = EDGE_CURVE('',#3794,#3802,#3804,.T.);
#3802 = VERTEX_POINT('',#3803);
#3803 = CARTESIAN_POINT('',(-37.,-119.0311288741,10.));
#3804 = CIRCLE('',#3805,4.5);
#3805 = AXIS2_PLACEMENT_3D('',#3806,#3807,#3808);
#3806 = CARTESIAN_POINT('',(-35.,-115.,10.));
#3807 = DIRECTION('',(0.,0.,1.));
#3808 = DIRECTION('',(1.,0.,0.));
#3809 = ORIENTED_EDGE('',*,*,#3810,.T.);
#3810 = EDGE_CURVE('',#3802,#3262,#3811,.T.);
#3811 = LINE('',#3812,#3813);
#3812 = CARTESIAN_POINT('',(-37.,-119.0311288741,0.));
#3813 = VECTOR('',#3814,1.);
#3814 = DIRECTION('',(-0.,-0.,-1.));
#3815 = CYLINDRICAL_SURFACE('',#3816,4.5);
#3816 = AXIS2_PLACEMENT_3D('',#3817,#3818,#3819);
#3817 = CARTESIAN_POINT('',(-35.,-115.,0.));
#3818 = DIRECTION('',(-0.,-0.,-1.));
#3819 = DIRECTION('',(1.,0.,0.));
#3820 = ADVANCED_FACE('',(#3821),#3832,.F.);
#3821 = FACE_BOUND('',#3822,.F.);
#3822 = EDGE_LOOP('',(#3823,#3824,#3825,#3831));
#3823 = ORIENTED_EDGE('',*,*,#3270,.F.);
#3824 = ORIENTED_EDGE('',*,*,#3793,.F.);
#3825 = ORIENTED_EDGE('',*,*,#3826,.T.);
#3826 = EDGE_CURVE('',#3794,#3802,#3827,.T.);
#3827 = LINE('',#3828,#3829);
#3828 = CARTESIAN_POINT('',(-37.,-59.,10.));
#3829 = VECTOR('',#3830,1.);
#3830 = DIRECTION('',(0.,-1.,0.));
#3831 = ORIENTED_EDGE('',*,*,#3810,.T.);
#3832 = PLANE('',#3833);
#3833 = AXIS2_PLACEMENT_3D('',#3834,#3835,#3836);
#3834 = CARTESIAN_POINT('',(-37.,-59.,0.));
#3835 = DIRECTION('',(1.,0.,0.));
#3836 = DIRECTION('',(0.,-1.,0.));
#3837 = ADVANCED_FACE('',(#3838),#3863,.F.);
#3838 = FACE_BOUND('',#3839,.F.);
#3839 = EDGE_LOOP('',(#3840,#3841,#3849,#3857));
#3840 = ORIENTED_EDGE('',*,*,#3298,.F.);
#3841 = ORIENTED_EDGE('',*,*,#3842,.F.);
#3842 = EDGE_CURVE('',#3843,#3279,#3845,.T.);
#3843 = VERTEX_POINT('',#3844);
#3844 = CARTESIAN_POINT('',(37.,-119.0311288741,10.));
#3845 = LINE('',#3846,#3847);
#3846 = CARTESIAN_POINT('',(37.,-119.0311288741,0.));
#3847 = VECTOR('',#3848,1.);
#3848 = DIRECTION('',(-0.,-0.,-1.));
#3849 = ORIENTED_EDGE('',*,*,#3850,.T.);
#3850 = EDGE_CURVE('',#3843,#3851,#3853,.T.);
#3851 = VERTEX_POINT('',#3852);
#3852 = CARTESIAN_POINT('',(37.,-110.9688711258,10.));
#3853 = LINE('',#3854,#3855);
#3854 = CARTESIAN_POINT('',(37.,-130.,10.));
#3855 = VECTOR('',#3856,1.);
#3856 = DIRECTION('',(0.,1.,0.));
#3857 = ORIENTED_EDGE('',*,*,#3858,.T.);
#3858 = EDGE_CURVE('',#3851,#3290,#3859,.T.);
#3859 = LINE('',#3860,#3861);
#3860 = CARTESIAN_POINT('',(37.,-110.9688711258,0.));
#3861 = VECTOR('',#3862,1.);
#3862 = DIRECTION('',(-0.,-0.,-1.));
#3863 = PLANE('',#3864);
#3864 = AXIS2_PLACEMENT_3D('',#3865,#3866,#3867);
#3865 = CARTESIAN_POINT('',(37.,-130.,0.));
#3866 = DIRECTION('',(-1.,0.,0.));
#3867 = DIRECTION('',(0.,1.,0.));
#3868 = ADVANCED_FACE('',(#3869),#3888,.F.);
#3869 = FACE_BOUND('',#3870,.T.);
#3870 = EDGE_LOOP('',(#3871,#3879,#3886,#3887));
#3871 = ORIENTED_EDGE('',*,*,#3872,.T.);
#3872 = EDGE_CURVE('',#3307,#3873,#3875,.T.);
#3873 = VERTEX_POINT('',#3874);
#3874 = CARTESIAN_POINT('',(44.25,65.,10.));
#3875 = LINE('',#3876,#3877);
#3876 = CARTESIAN_POINT('',(44.25,65.,0.));
#3877 = VECTOR('',#3878,1.);
#3878 = DIRECTION('',(0.,0.,1.));
#3879 = ORIENTED_EDGE('',*,*,#3880,.T.);
#3880 = EDGE_CURVE('',#3873,#3873,#3881,.T.);
#3881 = CIRCLE('',#3882,1.75);
#3882 = AXIS2_PLACEMENT_3D('',#3883,#3884,#3885);
#3883 = CARTESIAN_POINT('',(42.5,65.,10.));
#3884 = DIRECTION('',(0.,0.,1.));
#3885 = DIRECTION('',(1.,0.,0.));
#3886 = ORIENTED_EDGE('',*,*,#3872,.F.);
#3887 = ORIENTED_EDGE('',*,*,#3306,.F.);
#3888 = CYLINDRICAL_SURFACE('',#3889,1.75);
#3889 = AXIS2_PLACEMENT_3D('',#3890,#3891,#3892);
#3890 = CARTESIAN_POINT('',(42.5,65.,0.));
#3891 = DIRECTION('',(-0.,-0.,-1.));
#3892 = DIRECTION('',(1.,0.,0.));
#3893 = ADVANCED_FACE('',(#3894),#3913,.F.);
#3894 = FACE_BOUND('',#3895,.T.);
#3895 = EDGE_LOOP('',(#3896,#3904,#3911,#3912));
#3896 = ORIENTED_EDGE('',*,*,#3897,.T.);
#3897 = EDGE_CURVE('',#3318,#3898,#3900,.T.);
#3898 = VERTEX_POINT('',#3899);
#3899 = CARTESIAN_POINT('',(44.25,45.,10.));
#3900 = LINE('',#3901,#3902);
#3901 = CARTESIAN_POINT('',(44.25,45.,0.));
#3902 = VECTOR('',#3903,1.);
#3903 = DIRECTION('',(0.,0.,1.));
#3904 = ORIENTED_EDGE('',*,*,#3905,.T.);
#3905 = EDGE_CURVE('',#3898,#3898,#3906,.T.);
#3906 = CIRCLE('',#3907,1.75);
#3907 = AXIS2_PLACEMENT_3D('',#3908,#3909,#3910);
#3908 = CARTESIAN_POINT('',(42.5,45.,10.));
#3909 = DIRECTION('',(0.,0.,1.));
#3910 = DIRECTION('',(1.,0.,0.));
#3911 = ORIENTED_EDGE('',*,*,#3897,.F.);
#3912 = ORIENTED_EDGE('',*,*,#3317,.F.);
#3913 = CYLINDRICAL_SURFACE('',#3914,1.75);
#3914 = AXIS2_PLACEMENT_3D('',#3915,#3916,#3917);
#3915 = CARTESIAN_POINT('',(42.5,45.,0.));
#3916 = DIRECTION('',(-0.,-0.,-1.));
#3917 = DIRECTION('',(1.,0.,0.));
#3918 = ADVANCED_FACE('',(#3919),#3938,.F.);
#3919 = FACE_BOUND('',#3920,.T.);
#3920 = EDGE_LOOP('',(#3921,#3929,#3936,#3937));
#3921 = ORIENTED_EDGE('',*,*,#3922,.T.);
#3922 = EDGE_CURVE('',#3329,#3923,#3925,.T.);
#3923 = VERTEX_POINT('',#3924);
#3924 = CARTESIAN_POINT('',(24.25,65.,10.));
#3925 = LINE('',#3926,#3927);
#3926 = CARTESIAN_POINT('',(24.25,65.,0.));
#3927 = VECTOR('',#3928,1.);
#3928 = DIRECTION('',(0.,0.,1.));
#3929 = ORIENTED_EDGE('',*,*,#3930,.T.);
#3930 = EDGE_CURVE('',#3923,#3923,#3931,.T.);
#3931 = CIRCLE('',#3932,1.75);
#3932 = AXIS2_PLACEMENT_3D('',#3933,#3934,#3935);
#3933 = CARTESIAN_POINT('',(22.5,65.,10.));
#3934 = DIRECTION('',(0.,0.,1.));
#3935 = DIRECTION('',(1.,0.,0.));
#3936 = ORIENTED_EDGE('',*,*,#3922,.F.);
#3937 = ORIENTED_EDGE('',*,*,#3328,.F.);
#3938 = CYLINDRICAL_SURFACE('',#3939,1.75);
#3939 = AXIS2_PLACEMENT_3D('',#3940,#3941,#3942);
#3940 = CARTESIAN_POINT('',(22.5,65.,0.));
#3941 = DIRECTION('',(-0.,-0.,-1.));
#3942 = DIRECTION('',(1.,0.,0.));
#3943 = ADVANCED_FACE('',(#3944),#3963,.F.);
#3944 = FACE_BOUND('',#3945,.T.);
#3945 = EDGE_LOOP('',(#3946,#3954,#3961,#3962));
#3946 = ORIENTED_EDGE('',*,*,#3947,.T.);
#3947 = EDGE_CURVE('',#3340,#3948,#3950,.T.);
#3948 = VERTEX_POINT('',#3949);
#3949 = CARTESIAN_POINT('',(24.25,45.,10.));
#3950 = LINE('',#3951,#3952);
#3951 = CARTESIAN_POINT('',(24.25,45.,0.));
#3952 = VECTOR('',#3953,1.);
#3953 = DIRECTION('',(0.,0.,1.));
#3954 = ORIENTED_EDGE('',*,*,#3955,.T.);
#3955 = EDGE_CURVE('',#3948,#3948,#3956,.T.);
#3956 = CIRCLE('',#3957,1.75);
#3957 = AXIS2_PLACEMENT_3D('',#3958,#3959,#3960);
#3958 = CARTESIAN_POINT('',(22.5,45.,10.));
#3959 = DIRECTION('',(0.,0.,1.));
#3960 = DIRECTION('',(1.,0.,0.));
#3961 = ORIENTED_EDGE('',*,*,#3947,.F.);
#3962 = ORIENTED_EDGE('',*,*,#3339,.F.);
#3963 = CYLINDRICAL_SURFACE('',#3964,1.75);
#3964 = AXIS2_PLACEMENT_3D('',#3965,#3966,#3967);
#3965 = CARTESIAN_POINT('',(22.5,45.,0.));
#3966 = DIRECTION('',(-0.,-0.,-1.));
#3967 = DIRECTION('',(1.,0.,0.));
#3968 = ADVANCED_FACE('',(#3969),#3988,.F.);
#3969 = FACE_BOUND('',#3970,.T.);
#3970 = EDGE_LOOP('',(#3971,#3979,#3986,#3987));
#3971 = ORIENTED_EDGE('',*,*,#3972,.T.);
#3972 = EDGE_CURVE('',#3351,#3973,#3975,.T.);
#3973 = VERTEX_POINT('',#3974);
#3974 = CARTESIAN_POINT('',(-20.75,65.,10.));
#3975 = LINE('',#3976,#3977);
#3976 = CARTESIAN_POINT('',(-20.75,65.,0.));
#3977 = VECTOR('',#3978,1.);
#3978 = DIRECTION('',(0.,0.,1.));
#3979 = ORIENTED_EDGE('',*,*,#3980,.T.);
#3980 = EDGE_CURVE('',#3973,#3973,#3981,.T.);
#3981 = CIRCLE('',#3982,1.75);
#3982 = AXIS2_PLACEMENT_3D('',#3983,#3984,#3985);
#3983 = CARTESIAN_POINT('',(-22.5,65.,10.));
#3984 = DIRECTION('',(0.,0.,1.));
#3985 = DIRECTION('',(1.,0.,0.));
#3986 = ORIENTED_EDGE('',*,*,#3972,.F.);
#3987 = ORIENTED_EDGE('',*,*,#3350,.F.);
#3988 = CYLINDRICAL_SURFACE('',#3989,1.75);
#3989 = AXIS2_PLACEMENT_3D('',#3990,#3991,#3992);
#3990 = CARTESIAN_POINT('',(-22.5,65.,0.));
#3991 = DIRECTION('',(-0.,-0.,-1.));
#3992 = DIRECTION('',(1.,0.,0.));
#3993 = ADVANCED_FACE('',(#3994),#4013,.F.);
#3994 = FACE_BOUND('',#3995,.T.);
#3995 = EDGE_LOOP('',(#3996,#4004,#4011,#4012));
#3996 = ORIENTED_EDGE('',*,*,#3997,.T.);
#3997 = EDGE_CURVE('',#3362,#3998,#4000,.T.);
#3998 = VERTEX_POINT('',#3999);
#3999 = CARTESIAN_POINT('',(-20.75,45.,10.));
#4000 = LINE('',#4001,#4002);
#4001 = CARTESIAN_POINT('',(-20.75,45.,0.));
#4002 = VECTOR('',#4003,1.);
#4003 = DIRECTION('',(0.,0.,1.));
#4004 = ORIENTED_EDGE('',*,*,#4005,.T.);
#4005 = EDGE_CURVE('',#3998,#3998,#4006,.T.);
#4006 = CIRCLE('',#4007,1.75);
#4007 = AXIS2_PLACEMENT_3D('',#4008,#4009,#4010);
#4008 = CARTESIAN_POINT('',(-22.5,45.,10.));
#4009 = DIRECTION('',(0.,0.,1.));
#4010 = DIRECTION('',(1.,0.,0.));
#4011 = ORIENTED_EDGE('',*,*,#3997,.F.);
#4012 = ORIENTED_EDGE('',*,*,#3361,.F.);
#4013 = CYLINDRICAL_SURFACE('',#4014,1.75);
#4014 = AXIS2_PLACEMENT_3D('',#4015,#4016,#4017);
#4015 = CARTESIAN_POINT('',(-22.5,45.,0.));
#4016 = DIRECTION('',(-0.,-0.,-1.));
#4017 = DIRECTION('',(1.,0.,0.));
#4018 = ADVANCED_FACE('',(#4019),#4038,.F.);
#4019 = FACE_BOUND('',#4020,.T.);
#4020 = EDGE_LOOP('',(#4021,#4029,#4036,#4037));
#4021 = ORIENTED_EDGE('',*,*,#4022,.T.);
#4022 = EDGE_CURVE('',#3373,#4023,#4025,.T.);
#4023 = VERTEX_POINT('',#4024);
#4024 = CARTESIAN_POINT('',(-40.75,65.,10.));
#4025 = LINE('',#4026,#4027);
#4026 = CARTESIAN_POINT('',(-40.75,65.,0.));
#4027 = VECTOR('',#4028,1.);
#4028 = DIRECTION('',(0.,0.,1.));
#4029 = ORIENTED_EDGE('',*,*,#4030,.T.);
#4030 = EDGE_CURVE('',#4023,#4023,#4031,.T.);
#4031 = CIRCLE('',#4032,1.75);
#4032 = AXIS2_PLACEMENT_3D('',#4033,#4034,#4035);
#4033 = CARTESIAN_POINT('',(-42.5,65.,10.));
#4034 = DIRECTION('',(0.,0.,1.));
#4035 = DIRECTION('',(1.,0.,0.));
#4036 = ORIENTED_EDGE('',*,*,#4022,.F.);
#4037 = ORIENTED_EDGE('',*,*,#3372,.F.);
#4038 = CYLINDRICAL_SURFACE('',#4039,1.75);
#4039 = AXIS2_PLACEMENT_3D('',#4040,#4041,#4042);
#4040 = CARTESIAN_POINT('',(-42.5,65.,0.));
#4041 = DIRECTION('',(-0.,-0.,-1.));
#4042 = DIRECTION('',(1.,0.,0.));
#4043 = ADVANCED_FACE('',(#4044),#4063,.F.);
#4044 = FACE_BOUND('',#4045,.T.);
#4045 = EDGE_LOOP('',(#4046,#4054,#4061,#4062));
#4046 = ORIENTED_EDGE('',*,*,#4047,.T.);
#4047 = EDGE_CURVE('',#3384,#4048,#4050,.T.);
#4048 = VERTEX_POINT('',#4049);
#4049 = CARTESIAN_POINT('',(-40.75,45.,10.));
#4050 = LINE('',#4051,#4052);
#4051 = CARTESIAN_POINT('',(-40.75,45.,0.));
#4052 = VECTOR('',#4053,1.);
#4053 = DIRECTION('',(0.,0.,1.));
#4054 = ORIENTED_EDGE('',*,*,#4055,.T.);
#4055 = EDGE_CURVE('',#4048,#4048,#4056,.T.);
#4056 = CIRCLE('',#4057,1.75);
#4057 = AXIS2_PLACEMENT_3D('',#4058,#4059,#4060);
#4058 = CARTESIAN_POINT('',(-42.5,45.,10.));
#4059 = DIRECTION('',(0.,0.,1.));
#4060 = DIRECTION('',(1.,0.,0.));
#4061 = ORIENTED_EDGE('',*,*,#4047,.F.);
#4062 = ORIENTED_EDGE('',*,*,#3383,.F.);
#4063 = CYLINDRICAL_SURFACE('',#4064,1.75);
#4064 = AXIS2_PLACEMENT_3D('',#4065,#4066,#4067);
#4065 = CARTESIAN_POINT('',(-42.5,45.,0.));
#4066 = DIRECTION('',(-0.,-0.,-1.));
#4067 = DIRECTION('',(1.,0.,0.));
#4068 = ADVANCED_FACE('',(#4069),#4088,.F.);
#4069 = FACE_BOUND('',#4070,.T.);
#4070 = EDGE_LOOP('',(#4071,#4079,#4086,#4087));
#4071 = ORIENTED_EDGE('',*,*,#4072,.T.);
#4072 = EDGE_CURVE('',#3395,#4073,#4075,.T.);
#4073 = VERTEX_POINT('',#4074);
#4074 = CARTESIAN_POINT('',(44.25,-45.,10.));
#4075 = LINE('',#4076,#4077);
#4076 = CARTESIAN_POINT('',(44.25,-45.,0.));
#4077 = VECTOR('',#4078,1.);
#4078 = DIRECTION('',(0.,0.,1.));
#4079 = ORIENTED_EDGE('',*,*,#4080,.T.);
#4080 = EDGE_CURVE('',#4073,#4073,#4081,.T.);
#4081 = CIRCLE('',#4082,1.75);
#4082 = AXIS2_PLACEMENT_3D('',#4083,#4084,#4085);
#4083 = CARTESIAN_POINT('',(42.5,-45.,10.));
#4084 = DIRECTION('',(0.,0.,1.));
#4085 = DIRECTION('',(1.,0.,0.));
#4086 = ORIENTED_EDGE('',*,*,#4072,.F.);
#4087 = ORIENTED_EDGE('',*,*,#3394,.F.);
#4088 = CYLINDRICAL_SURFACE('',#4089,1.75);
#4089 = AXIS2_PLACEMENT_3D('',#4090,#4091,#4092);
#4090 = CARTESIAN_POINT('',(42.5,-45.,0.));
#4091 = DIRECTION('',(-0.,-0.,-1.));
#4092 = DIRECTION('',(1.,0.,0.));
#4093 = ADVANCED_FACE('',(#4094),#4113,.F.);
#4094 = FACE_BOUND('',#4095,.T.);
#4095 = EDGE_LOOP('',(#4096,#4104,#4111,#4112));
#4096 = ORIENTED_EDGE('',*,*,#4097,.T.);
#4097 = EDGE_CURVE('',#3406,#4098,#4100,.T.);
#4098 = VERTEX_POINT('',#4099);
#4099 = CARTESIAN_POINT('',(44.25,-65.,10.));
#4100 = LINE('',#4101,#4102);
#4101 = CARTESIAN_POINT('',(44.25,-65.,0.));
#4102 = VECTOR('',#4103,1.);
#4103 = DIRECTION('',(0.,0.,1.));
#4104 = ORIENTED_EDGE('',*,*,#4105,.T.);
#4105 = EDGE_CURVE('',#4098,#4098,#4106,.T.);
#4106 = CIRCLE('',#4107,1.75);
#4107 = AXIS2_PLACEMENT_3D('',#4108,#4109,#4110);
#4108 = CARTESIAN_POINT('',(42.5,-65.,10.));
#4109 = DIRECTION('',(0.,0.,1.));
#4110 = DIRECTION('',(1.,0.,0.));
#4111 = ORIENTED_EDGE('',*,*,#4097,.F.);
#4112 = ORIENTED_EDGE('',*,*,#3405,.F.);
#4113 = CYLINDRICAL_SURFACE('',#4114,1.75);
#4114 = AXIS2_PLACEMENT_3D('',#4115,#4116,#4117);
#4115 = CARTESIAN_POINT('',(42.5,-65.,0.));
#4116 = DIRECTION('',(-0.,-0.,-1.));
#4117 = DIRECTION('',(1.,0.,0.));
#4118 = ADVANCED_FACE('',(#4119),#4138,.F.);
#4119 = FACE_BOUND('',#4120,.T.);
#4120 = EDGE_LOOP('',(#4121,#4129,#4136,#4137));
#4121 = ORIENTED_EDGE('',*,*,#4122,.T.);
#4122 = EDGE_CURVE('',#3417,#4123,#4125,.T.);
#4123 = VERTEX_POINT('',#4124);
#4124 = CARTESIAN_POINT('',(24.25,-45.,10.));
#4125 = LINE('',#4126,#4127);
#4126 = CARTESIAN_POINT('',(24.25,-45.,0.));
#4127 = VECTOR('',#4128,1.);
#4128 = DIRECTION('',(0.,0.,1.));
#4129 = ORIENTED_EDGE('',*,*,#4130,.T.);
#4130 = EDGE_CURVE('',#4123,#4123,#4131,.T.);
#4131 = CIRCLE('',#4132,1.75);
#4132 = AXIS2_PLACEMENT_3D('',#4133,#4134,#4135);
#4133 = CARTESIAN_POINT('',(22.5,-45.,10.));
#4134 = DIRECTION('',(0.,0.,1.));
#4135 = DIRECTION('',(1.,0.,0.));
#4136 = ORIENTED_EDGE('',*,*,#4122,.F.);
#4137 = ORIENTED_EDGE('',*,*,#3416,.F.);
#4138 = CYLINDRICAL_SURFACE('',#4139,1.75);
#4139 = AXIS2_PLACEMENT_3D('',#4140,#4141,#4142);
#4140 = CARTESIAN_POINT('',(22.5,-45.,0.));
#4141 = DIRECTION('',(-0.,-0.,-1.));
#4142 = DIRECTION('',(1.,0.,0.));
#4143 = ADVANCED_FACE('',(#4144),#4163,.F.);
#4144 = FACE_BOUND('',#4145,.T.);
#4145 = EDGE_LOOP('',(#4146,#4154,#4161,#4162));
#4146 = ORIENTED_EDGE('',*,*,#4147,.T.);
#4147 = EDGE_CURVE('',#3428,#4148,#4150,.T.);
#4148 = VERTEX_POINT('',#4149);
#4149 = CARTESIAN_POINT('',(24.25,-65.,10.));
#4150 = LINE('',#4151,#4152);
#4151 = CARTESIAN_POINT('',(24.25,-65.,0.));
#4152 = VECTOR('',#4153,1.);
#4153 = DIRECTION('',(0.,0.,1.));
#4154 = ORIENTED_EDGE('',*,*,#4155,.T.);
#4155 = EDGE_CURVE('',#4148,#4148,#4156,.T.);
#4156 = CIRCLE('',#4157,1.75);
#4157 = AXIS2_PLACEMENT_3D('',#4158,#4159,#4160);
#4158 = CARTESIAN_POINT('',(22.5,-65.,10.));
#4159 = DIRECTION('',(0.,0.,1.));
#4160 = DIRECTION('',(1.,0.,0.));
#4161 = ORIENTED_EDGE('',*,*,#4147,.F.);
#4162 = ORIENTED_EDGE('',*,*,#3427,.F.);
#4163 = CYLINDRICAL_SURFACE('',#4164,1.75);
#4164 = AXIS2_PLACEMENT_3D('',#4165,#4166,#4167);
#4165 = CARTESIAN_POINT('',(22.5,-65.,0.));
#4166 = DIRECTION('',(-0.,-0.,-1.));
#4167 = DIRECTION('',(1.,0.,0.));
#4168 = ADVANCED_FACE('',(#4169),#4188,.F.);
#4169 = FACE_BOUND('',#4170,.T.);
#4170 = EDGE_LOOP('',(#4171,#4179,#4186,#4187));
#4171 = ORIENTED_EDGE('',*,*,#4172,.T.);
#4172 = EDGE_CURVE('',#3439,#4173,#4175,.T.);
#4173 = VERTEX_POINT('',#4174);
#4174 = CARTESIAN_POINT('',(-20.75,-45.,10.));
#4175 = LINE('',#4176,#4177);
#4176 = CARTESIAN_POINT('',(-20.75,-45.,0.));
#4177 = VECTOR('',#4178,1.);
#4178 = DIRECTION('',(0.,0.,1.));
#4179 = ORIENTED_EDGE('',*,*,#4180,.T.);
#4180 = EDGE_CURVE('',#4173,#4173,#4181,.T.);
#4181 = CIRCLE('',#4182,1.75);
#4182 = AXIS2_PLACEMENT_3D('',#4183,#4184,#4185);
#4183 = CARTESIAN_POINT('',(-22.5,-45.,10.));
#4184 = DIRECTION('',(0.,0.,1.));
#4185 = DIRECTION('',(1.,0.,0.));
#4186 = ORIENTED_EDGE('',*,*,#4172,.F.);
#4187 = ORIENTED_EDGE('',*,*,#3438,.F.);
#4188 = CYLINDRICAL_SURFACE('',#4189,1.75);
#4189 = AXIS2_PLACEMENT_3D('',#4190,#4191,#4192);
#4190 = CARTESIAN_POINT('',(-22.5,-45.,0.));
#4191 = DIRECTION('',(-0.,-0.,-1.));
#4192 = DIRECTION('',(1.,0.,0.));
#4193 = ADVANCED_FACE('',(#4194),#4213,.F.);
#4194 = FACE_BOUND('',#4195,.T.);
#4195 = EDGE_LOOP('',(#4196,#4204,#4211,#4212));
#4196 = ORIENTED_EDGE('',*,*,#4197,.T.);
#4197 = EDGE_CURVE('',#3450,#4198,#4200,.T.);
#4198 = VERTEX_POINT('',#4199);
#4199 = CARTESIAN_POINT('',(-20.75,-65.,10.));
#4200 = LINE('',#4201,#4202);
#4201 = CARTESIAN_POINT('',(-20.75,-65.,0.));
#4202 = VECTOR('',#4203,1.);
#4203 = DIRECTION('',(0.,0.,1.));
#4204 = ORIENTED_EDGE('',*,*,#4205,.T.);
#4205 = EDGE_CURVE('',#4198,#4198,#4206,.T.);
#4206 = CIRCLE('',#4207,1.75);
#4207 = AXIS2_PLACEMENT_3D('',#4208,#4209,#4210);
#4208 = CARTESIAN_POINT('',(-22.5,-65.,10.));
#4209 = DIRECTION('',(0.,0.,1.));
#4210 = DIRECTION('',(1.,0.,0.));
#4211 = ORIENTED_EDGE('',*,*,#4197,.F.);
#4212 = ORIENTED_EDGE('',*,*,#3449,.F.);
#4213 = CYLINDRICAL_SURFACE('',#4214,1.75);
#4214 = AXIS2_PLACEMENT_3D('',#4215,#4216,#4217);
#4215 = CARTESIAN_POINT('',(-22.5,-65.,0.));
#4216 = DIRECTION('',(-0.,-0.,-1.));
#4217 = DIRECTION('',(1.,0.,0.));
#4218 = ADVANCED_FACE('',(#4219),#4238,.F.);
#4219 = FACE_BOUND('',#4220,.T.);
#4220 = EDGE_LOOP('',(#4221,#4229,#4236,#4237));
#4221 = ORIENTED_EDGE('',*,*,#4222,.T.);
#4222 = EDGE_CURVE('',#3461,#4223,#4225,.T.);
#4223 = VERTEX_POINT('',#4224);
#4224 = CARTESIAN_POINT('',(-40.75,-45.,10.));
#4225 = LINE('',#4226,#4227);
#4226 = CARTESIAN_POINT('',(-40.75,-45.,0.));
#4227 = VECTOR('',#4228,1.);
#4228 = DIRECTION('',(0.,0.,1.));
#4229 = ORIENTED_EDGE('',*,*,#4230,.T.);
#4230 = EDGE_CURVE('',#4223,#4223,#4231,.T.);
#4231 = CIRCLE('',#4232,1.75);
#4232 = AXIS2_PLACEMENT_3D('',#4233,#4234,#4235);
#4233 = CARTESIAN_POINT('',(-42.5,-45.,10.));
#4234 = DIRECTION('',(0.,0.,1.));
#4235 = DIRECTION('',(1.,0.,0.));
#4236 = ORIENTED_EDGE('',*,*,#4222,.F.);
#4237 = ORIENTED_EDGE('',*,*,#3460,.F.);
#4238 = CYLINDRICAL_SURFACE('',#4239,1.75);
#4239 = AXIS2_PLACEMENT_3D('',#4240,#4241,#4242);
#4240 = CARTESIAN_POINT('',(-42.5,-45.,0.));
#4241 = DIRECTION('',(-0.,-0.,-1.));
#4242 = DIRECTION('',(1.,0.,0.));
#4243 = ADVANCED_FACE('',(#4244),#4263,.F.);
#4244 = FACE_BOUND('',#4245,.T.);
#4245 = EDGE_LOOP('',(#4246,#4254,#4261,#4262));
#4246 = ORIENTED_EDGE('',*,*,#4247,.T.);
#4247 = EDGE_CURVE('',#3472,#4248,#4250,.T.);
#4248 = VERTEX_POINT('',#4249);
#4249 = CARTESIAN_POINT('',(-40.75,-65.,10.));
#4250 = LINE('',#4251,#4252);
#4251 = CARTESIAN_POINT('',(-40.75,-65.,0.));
#4252 = VECTOR('',#4253,1.);
#4253 = DIRECTION('',(0.,0.,1.));
#4254 = ORIENTED_EDGE('',*,*,#4255,.T.);
#4255 = EDGE_CURVE('',#4248,#4248,#4256,.T.);
#4256 = CIRCLE('',#4257,1.75);
#4257 = AXIS2_PLACEMENT_3D('',#4258,#4259,#4260);
#4258 = CARTESIAN_POINT('',(-42.5,-65.,10.));
#4259 = DIRECTION('',(0.,0.,1.));
#4260 = DIRECTION('',(1.,0.,0.));
#4261 = ORIENTED_EDGE('',*,*,#4247,.F.);
#4262 = ORIENTED_EDGE('',*,*,#3471,.F.);
#4263 = CYLINDRICAL_SURFACE('',#4264,1.75);
#4264 = AXIS2_PLACEMENT_3D('',#4265,#4266,#4267);
#4265 = CARTESIAN_POINT('',(-42.5,-65.,0.));
#4266 = DIRECTION('',(-0.,-0.,-1.));
#4267 = DIRECTION('',(1.,0.,0.));
#4268 = ADVANCED_FACE('',(#4269,#4299,#4305,#4316,#4327,#4330,#4333,
    #4337,#4356,#4359,#4362,#4365,#4368,#4371,#4374,#4377,#4380,#4383,
    #4386,#4389,#4392,#4395,#4398,#4401),#4404,.T.);
#4269 = FACE_BOUND('',#4270,.T.);
#4270 = EDGE_LOOP('',(#4271,#4272,#4273,#4274,#4275,#4276,#4277,#4278,
    #4279,#4280,#4281,#4282,#4283,#4284,#4285,#4286,#4287,#4288,#4289,
    #4290,#4291,#4292,#4293,#4294,#4295,#4296,#4297,#4298));
#4271 = ORIENTED_EDGE('',*,*,#2247,.T.);
#4272 = ORIENTED_EDGE('',*,*,#3090,.T.);
#4273 = ORIENTED_EDGE('',*,*,#3062,.T.);
#4274 = ORIENTED_EDGE('',*,*,#3031,.T.);
#4275 = ORIENTED_EDGE('',*,*,#2991,.F.);
#4276 = ORIENTED_EDGE('',*,*,#2960,.F.);
#4277 = ORIENTED_EDGE('',*,*,#2929,.F.);
#4278 = ORIENTED_EDGE('',*,*,#2898,.F.);
#4279 = ORIENTED_EDGE('',*,*,#2867,.F.);
#4280 = ORIENTED_EDGE('',*,*,#2836,.F.);
#4281 = ORIENTED_EDGE('',*,*,#2805,.F.);
#4282 = ORIENTED_EDGE('',*,*,#2783,.T.);
#4283 = ORIENTED_EDGE('',*,*,#2743,.F.);
#4284 = ORIENTED_EDGE('',*,*,#2712,.F.);
#4285 = ORIENTED_EDGE('',*,*,#2681,.F.);
#4286 = ORIENTED_EDGE('',*,*,#2650,.F.);
#4287 = ORIENTED_EDGE('',*,*,#2619,.F.);
#4288 = ORIENTED_EDGE('',*,*,#2588,.F.);
#4289 = ORIENTED_EDGE('',*,*,#2557,.F.);
#4290 = ORIENTED_EDGE('',*,*,#2535,.T.);
#4291 = ORIENTED_EDGE('',*,*,#2495,.F.);
#4292 = ORIENTED_EDGE('',*,*,#2464,.F.);
#4293 = ORIENTED_EDGE('',*,*,#2433,.F.);
#4294 = ORIENTED_EDGE('',*,*,#2402,.F.);
#4295 = ORIENTED_EDGE('',*,*,#2371,.F.);
#4296 = ORIENTED_EDGE('',*,*,#2340,.F.);
#4297 = ORIENTED_EDGE('',*,*,#2309,.F.);
#4298 = ORIENTED_EDGE('',*,*,#2287,.T.);
#4299 = FACE_BOUND('',#4300,.T.);
#4300 = EDGE_LOOP('',(#4301,#4302,#4303,#4304));
#4301 = ORIENTED_EDGE('',*,*,#3496,.F.);
#4302 = ORIENTED_EDGE('',*,*,#3527,.F.);
#4303 = ORIENTED_EDGE('',*,*,#3568,.F.);
#4304 = ORIENTED_EDGE('',*,*,#3544,.F.);
#4305 = FACE_BOUND('',#4306,.T.);
#4306 = EDGE_LOOP('',(#4307,#4313,#4314,#4315));
#4307 = ORIENTED_EDGE('',*,*,#4308,.F.);
#4308 = EDGE_CURVE('',#3641,#3585,#4309,.T.);
#4309 = LINE('',#4310,#4311);
#4310 = CARTESIAN_POINT('',(25.75,-59.,10.));
#4311 = VECTOR('',#4312,1.);
#4312 = DIRECTION('',(1.,0.,0.));
#4313 = ORIENTED_EDGE('',*,*,#3640,.F.);
#4314 = ORIENTED_EDGE('',*,*,#3616,.F.);
#4315 = ORIENTED_EDGE('',*,*,#3592,.F.);
#4316 = FACE_BOUND('',#4317,.T.);
#4317 = EDGE_LOOP('',(#4318,#4324,#4325,#4326));
#4318 = ORIENTED_EDGE('',*,*,#4319,.F.);
#4319 = EDGE_CURVE('',#3720,#3664,#4320,.T.);
#4320 = LINE('',#4321,#4322);
#4321 = CARTESIAN_POINT('',(-39.25,-59.,10.));
#4322 = VECTOR('',#4323,1.);
#4323 = DIRECTION('',(1.,0.,0.));
#4324 = ORIENTED_EDGE('',*,*,#3719,.F.);
#4325 = ORIENTED_EDGE('',*,*,#3695,.F.);
#4326 = ORIENTED_EDGE('',*,*,#3671,.F.);
#4327 = FACE_BOUND('',#4328,.T.);
#4328 = EDGE_LOOP('',(#4329));
#4329 = ORIENTED_EDGE('',*,*,#3750,.F.);
#4330 = FACE_BOUND('',#4331,.T.);
#4331 = EDGE_LOOP('',(#4332));
#4332 = ORIENTED_EDGE('',*,*,#3775,.F.);
#4333 = FACE_BOUND('',#4334,.T.);
#4334 = EDGE_LOOP('',(#4335,#4336));
#4335 = ORIENTED_EDGE('',*,*,#3801,.F.);
#4336 = ORIENTED_EDGE('',*,*,#3826,.T.);
#4337 = FACE_BOUND('',#4338,.T.);
#4338 = EDGE_LOOP('',(#4339,#4348,#4349));
#4339 = ORIENTED_EDGE('',*,*,#4340,.F.);
#4340 = EDGE_CURVE('',#3843,#4341,#4343,.T.);
#4341 = VERTEX_POINT('',#4342);
#4342 = CARTESIAN_POINT('',(39.5,-115.,10.));
#4343 = CIRCLE('',#4344,4.5);
#4344 = AXIS2_PLACEMENT_3D('',#4345,#4346,#4347);
#4345 = CARTESIAN_POINT('',(35.,-115.,10.));
#4346 = DIRECTION('',(0.,0.,1.));
#4347 = DIRECTION('',(1.,0.,0.));
#4348 = ORIENTED_EDGE('',*,*,#3850,.T.);
#4349 = ORIENTED_EDGE('',*,*,#4350,.F.);
#4350 = EDGE_CURVE('',#4341,#3851,#4351,.T.);
#4351 = CIRCLE('',#4352,4.5);
#4352 = AXIS2_PLACEMENT_3D('',#4353,#4354,#4355);
#4353 = CARTESIAN_POINT('',(35.,-115.,10.));
#4354 = DIRECTION('',(0.,0.,1.));
#4355 = DIRECTION('',(1.,0.,0.));
#4356 = FACE_BOUND('',#4357,.T.);
#4357 = EDGE_LOOP('',(#4358));
#4358 = ORIENTED_EDGE('',*,*,#3880,.F.);
#4359 = FACE_BOUND('',#4360,.T.);
#4360 = EDGE_LOOP('',(#4361));
#4361 = ORIENTED_EDGE('',*,*,#3905,.F.);
#4362 = FACE_BOUND('',#4363,.T.);
#4363 = EDGE_LOOP('',(#4364));
#4364 = ORIENTED_EDGE('',*,*,#3930,.F.);
#4365 = FACE_BOUND('',#4366,.T.);
#4366 = EDGE_LOOP('',(#4367));
#4367 = ORIENTED_EDGE('',*,*,#3955,.F.);
#4368 = FACE_BOUND('',#4369,.T.);
#4369 = EDGE_LOOP('',(#4370));
#4370 = ORIENTED_EDGE('',*,*,#3980,.F.);
#4371 = FACE_BOUND('',#4372,.T.);
#4372 = EDGE_LOOP('',(#4373));
#4373 = ORIENTED_EDGE('',*,*,#4005,.F.);
#4374 = FACE_BOUND('',#4375,.T.);
#4375 = EDGE_LOOP('',(#4376));
#4376 = ORIENTED_EDGE('',*,*,#4030,.F.);
#4377 = FACE_BOUND('',#4378,.T.);
#4378 = EDGE_LOOP('',(#4379));
#4379 = ORIENTED_EDGE('',*,*,#4055,.F.);
#4380 = FACE_BOUND('',#4381,.T.);
#4381 = EDGE_LOOP('',(#4382));
#4382 = ORIENTED_EDGE('',*,*,#4080,.F.);
#4383 = FACE_BOUND('',#4384,.T.);
#4384 = EDGE_LOOP('',(#4385));
#4385 = ORIENTED_EDGE('',*,*,#4105,.F.);
#4386 = FACE_BOUND('',#4387,.T.);
#4387 = EDGE_LOOP('',(#4388));
#4388 = ORIENTED_EDGE('',*,*,#4130,.F.);
#4389 = FACE_BOUND('',#4390,.T.);
#4390 = EDGE_LOOP('',(#4391));
#4391 = ORIENTED_EDGE('',*,*,#4155,.F.);
#4392 = FACE_BOUND('',#4393,.T.);
#4393 = EDGE_LOOP('',(#4394));
#4394 = ORIENTED_EDGE('',*,*,#4180,.F.);
#4395 = FACE_BOUND('',#4396,.T.);
#4396 = EDGE_LOOP('',(#4397));
#4397 = ORIENTED_EDGE('',*,*,#4205,.F.);
#4398 = FACE_BOUND('',#4399,.T.);
#4399 = EDGE_LOOP('',(#4400));
#4400 = ORIENTED_EDGE('',*,*,#4230,.F.);
#4401 = FACE_BOUND('',#4402,.T.);
#4402 = EDGE_LOOP('',(#4403));
#4403 = ORIENTED_EDGE('',*,*,#4255,.F.);
#4404 = PLANE('',#4405);
#4405 = AXIS2_PLACEMENT_3D('',#4406,#4407,#4408);
#4406 = CARTESIAN_POINT('',(0.,5.098855359001E-02,10.));
#4407 = DIRECTION('',(0.,0.,1.));
#4408 = DIRECTION('',(1.,0.,0.));
#4409 = ADVANCED_FACE('',(#4410),#4416,.T.);
#4410 = FACE_BOUND('',#4411,.T.);
#4411 = EDGE_LOOP('',(#4412,#4413,#4414,#4415));
#4412 = ORIENTED_EDGE('',*,*,#3195,.F.);
#4413 = ORIENTED_EDGE('',*,*,#3648,.T.);
#4414 = ORIENTED_EDGE('',*,*,#4308,.T.);
#4415 = ORIENTED_EDGE('',*,*,#3584,.F.);
#4416 = PLANE('',#4417);
#4417 = AXIS2_PLACEMENT_3D('',#4418,#4419,#4420);
#4418 = CARTESIAN_POINT('',(32.5,-59.,5.));
#4419 = DIRECTION('',(0.,1.,0.));
#4420 = DIRECTION('',(0.,0.,1.));
#4421 = ADVANCED_FACE('',(#4422),#4428,.T.);
#4422 = FACE_BOUND('',#4423,.T.);
#4423 = EDGE_LOOP('',(#4424,#4425,#4426,#4427));
#4424 = ORIENTED_EDGE('',*,*,#3229,.F.);
#4425 = ORIENTED_EDGE('',*,*,#3727,.T.);
#4426 = ORIENTED_EDGE('',*,*,#4319,.T.);
#4427 = ORIENTED_EDGE('',*,*,#3663,.F.);
#4428 = PLANE('',#4429);
#4429 = AXIS2_PLACEMENT_3D('',#4430,#4431,#4432);
#4430 = CARTESIAN_POINT('',(-32.5,-59.,5.));
#4431 = DIRECTION('',(0.,1.,0.));
#4432 = DIRECTION('',(0.,0.,1.));
#4433 = ADVANCED_FACE('',(#4434),#4442,.F.);
#4434 = FACE_BOUND('',#4435,.T.);
#4435 = EDGE_LOOP('',(#4436,#4437,#4438,#4439,#4440,#4441));
#4436 = ORIENTED_EDGE('',*,*,#4350,.T.);
#4437 = ORIENTED_EDGE('',*,*,#3858,.T.);
#4438 = ORIENTED_EDGE('',*,*,#3289,.F.);
#4439 = ORIENTED_EDGE('',*,*,#3278,.F.);
#4440 = ORIENTED_EDGE('',*,*,#3842,.F.);
#4441 = ORIENTED_EDGE('',*,*,#4340,.T.);
#4442 = CYLINDRICAL_SURFACE('',#4443,4.5);
#4443 = AXIS2_PLACEMENT_3D('',#4444,#4445,#4446);
#4444 = CARTESIAN_POINT('',(35.,-115.,0.));
#4445 = DIRECTION('',(-0.,-0.,-1.));
#4446 = DIRECTION('',(1.,0.,0.));
#4447 = ( GEOMETRIC_REPRESENTATION_CONTEXT(3) 
GLOBAL_UNCERTAINTY_ASSIGNED_CONTEXT((#4451)) 
GLOBAL_UNIT_ASSIGNED_CONTEXT((#4448,#4449,#4450)) REPRESENTATION_CONTEXT
('Context #1','3D Context with UNIT and UNCERTAINTY') );
#4448 = ( LENGTH_UNIT() NAMED_UNIT(*) SI_UNIT(.MILLI.,.METRE.) );
#4449 = ( NAMED_UNIT(*) PLANE_ANGLE_UNIT() SI_UNIT($,.RADIAN.) );
#4450 = ( NAMED_UNIT(*) SI_UNIT($,.STERADIAN.) SOLID_ANGLE_UNIT() );
#4451 = UNCERTAINTY_MEASURE_WITH_UNIT(LENGTH_MEASURE(1.E-07),#4448,
  'distance_accuracy_value','confusion accuracy');
#4452 = PRODUCT_RELATED_PRODUCT_CATEGORY('part',$,(#7));
ENDSEC;
END-ISO-10303-21;
