{
  "source": "hardware_mods/metal_plates/examples/side_movement/P20_left_side_plate_p1of3/source/Screenshot From 2026-06-27 15-29-35.png",
  "image_size_px": [
    1920,
    1080
  ],
  "closed": false,
  "vertices_px": [
    [
      394.6266803039157,
      964.6220390552483
    ],
    [
      335.98595377660115,
      912.9475367002443
    ],
    [
      339.8846026575445,
      781.4421068690483
    ],
    [
      392.19002475332616,
      779.6320198886102
    ],
    [
      395.2924094097018,
      652.4690583422149
    ],
    [
      342.00797392305833,
      651.1071419362604
    ],
    [
      342.07324148244913,
      466.05185521023157
    ],
    [
      501.34349107848857,
      250.32951791178198
    ],
    [
      539.5511203458589,
      246.40911317770838
    ],
    [
      540.2603611579055,
      206.36093873551772
    ],
    [
      603.996308488328,
      113.46779703991479
    ],
    [
      708.2895172241894,
      103.43399757623683
    ],
    [
      707.0798917901467,
      137.95183415271435
    ],
    [
      647.0206836387389,
      144.04347302918836
    ],
    [
      648.1258809777563,
      275.0528694090144
    ],
    [
      705.4220957816206,
      272.6988861003198
    ],
    [
      701.6104703131982,
      640.6860882868637
    ],
    [
      650.8932254959259,
      640.2901317598929
    ],
    [
      644.0923458074053,
      775.9509295389695
    ],
    [
      699.1259518857221,
      779.9278994911818
    ],
    [
      698.8692328187849,
      816.9476591776397
    ],
    [
      822.3336993330353,
      821.507685993743
    ],
    [
      827.4245689655171,
      949.7932495616601
    ],
    [
      790.626718980988,
      978.8764740261975
    ],
    [
      395.1140114140337,
      963.5429487399872
    ]
  ]
}